Skóli;Deild;Nafn
Raftækniskólinn;Rafveituvirkjun;Adolf Bragi Hermannsson
Raftækniskólinn;Rafveituvirkjun;Aðalheiður Ámundadóttir
Meistaraskólinn;;Aðalsteinn Júlíusson
Raftækniskólinn;Rafvirkjun;Agla Þyri Kristjánsdóttir
Tæknimenntaskólinn;Nýbúabraut;Agnar Johnson
Upplýsingatækniskólinn;Námsbraut í upplýsinga- og fjölmiðlagreinum;Agnar Kristján Þorsteinsson
Véltækniskólinn;Málmiðngreinar;Agnes Guðnadóttir
Upplýsingatækniskólinn;Námsbraut í upplýsinga- og fjölmiðlagreinum;Ahmed Hafez Awad
Véltækniskólinn;Vélstjórabraut;Alda María Magnúsdóttir
Upplýsingatækniskólinn;Tölvubraut;Aldís E. Helgadóttir
Tæknimenntaskólinn;Nýbúabraut;Aldís Sigurðardóttir
Tæknimenntaskólinn;Starfsnámsbrautir;Alexander Arnarson
Véltækniskólinn;Vélvirkjun;Alfreð Þorsteinsson
Tæknimenntaskólinn;Listnámsbraut;Alrún Klausen
Tæknimenntaskólinn;Listnámsbraut;Amal Tamimi
Upplýsingatækniskólinn;Grafísk miðlun;Andrea Benediktsdóttir
Tækniakademían;Veffræði;Andrea J. Ólafsdóttir
Raftækniskólinn;Rafveituvirkjun;Andrea Þórdís Sigurðardóttir
Tæknimenntaskólinn;Listnámsbraut;Andrés Helgi Valgarðsson
Upplýsingatækniskólinn;Bókband;Andrés Ingi Jónsson
Véltækniskólinn;Grunnnám bíliðna;Andrés Magnússon
Tæknimenntaskólinn;Nýbúabraut;Andrés Pétursson
Raftækniskólinn;Rafeindavirkjun;Andrés Skúlason
Upplýsingatækniskólinn;Tölvubraut;Andrés Úlfur Helguson
Handverksskólinn;Grunnnám fataiðna;Andri Már Jörundsson
Upplýsingatækniskólinn;Tölvubraut;Andri Már Reynisson
Upplýsingatækniskólinn;Kennari;Andri Páll Jónsson
Upplýsingatækniskólinn;Námsbraut í upplýsinga- og fjölmiðlagreinum;Andri Rafn Þorgrímsson
Handverksskólinn;Grunnnám fataiðna;Andri Steinn Harðarson
Raftækniskólinn;Rafveituvirkjun;Andri Yngvason
Véltækniskólinn;Kennari;Aníta Lena Baldvinsdóttir
Upplýsingatækniskólinn;Grafísk miðlun;Anna Bentína Hermansen
Raftækniskólinn;Rafvélavirkjun;Anna Björg Níelsdóttir
Upplýsingatækniskólinn;Námsbraut í upplýsinga- og fjölmiðlagreinum;Anna Geirsdóttir
Tæknimenntaskólinn;Kennari;Anna Grétarsdóttir
Upplýsingatækniskólinn;Prentun;Anna Guðbjörg Cowden
Tæknimenntaskólinn;Nýbúabraut;Anna Guðrún Hugadóttir
Meistaraskólinn;Kennari;Anna Hlíf Árnadóttir
Upplýsingatækniskólinn;Tölvubraut;Anna Hrefnudóttir
Upplýsingatækniskólinn;Tölvubraut;Anna Kristine Magnúsdóttir
Véltækniskólinn;Vélstjórabraut;Anna Laufey Sigurðardóttir
Byggingatækniskólinn;Húsasmíðabraut;Anna Lára Steindal
Byggingatækniskólinn;Húsgagnasmíðabraut;Anna Lísa Hilmarsdóttir
Upplýsingatækniskólinn;Námsbraut í upplýsinga- og fjölmiðlagreinum;Anna Margrét Guðjónsdóttir
Byggingatækniskólinn;Húsasmíðabraut;Anna María Elíasdóttir
Upplýsingatækniskólinn;Tölvubraut;Anna María Jónsdóttir
Tæknimenntaskólinn;Náttúrufræðibraut;Anna Ólafsdóttir Björnsson
Tæknimenntaskólinn;Listnámsbraut;Anna Sigríður Guðnadóttir
Raftækniskólinn;Rafvélavirkjun;Anna Sigríður Jónsdóttir
Tæknimenntaskólinn;Kennari;Anna Sigríður Valdimarsdóttir
Skipstjórnarskólinn;Skipstjórn;Anna Valdís Jónsdóttir
Raftækniskólinn;Kennari;Anton Gunnarsson
Upplýsingatækniskólinn;Tölvubraut;Anton Jóhannesson
Meistaraskólinn;;Ari Teitsson
Upplýsingatækniskólinn;Tölvubraut;Ari Tryggvason
Raftækniskólinn;Rafeindavirkjun;Arinbjörn Kúld
Upplýsingatækniskólinn;Námsbraut í upplýsinga- og fjölmiðlagreinum;Arna Hrönn Aradóttir
Tækniakademían;Margmiðlunarfræði;Arna Ír Gunnarsdóttir
Handverksskólinn;Námsbraut í hársnyrtingu;Arna Lára Jónsdóttir
Upplýsingatækniskólinn;Tölvubraut;Arnaldur Sigurðarson
Upplýsingatækniskólinn;Tölvubraut;Arnar Bergur Guðjónsson
Upplýsingatækniskólinn;Tölvubraut;Arnar Guðmundsson
Véltækniskólinn;Málmiðngreinar;Arnar Ómarsson
Byggingatækniskólinn;Kennari;Arnar Snæberg Jónsson
Raftækniskólinn;Rafvirkjun;Arnar Þór Ragnarsson
Upplýsingatækniskólinn;Tölvubraut;Arnar Þórisson
Upplýsingatækniskólinn;Prentun;Arnbjörg Linda Jóhannsdóttir
Meistaraskólinn;;Arnbjörg Sveinsdóttir
Véltækniskólinn;Grunnnám vélstjórnar;Arnbjörn Kristjánsson
Tæknimenntaskólinn;Kennari;Arndís Einarsdóttir
Endurmenntunarskólinn;;Arndís Hauksdóttir
Tæknimenntaskólinn;Kennari;Arndís Soffía Sigurðardóttir
Raftækniskólinn;Rafeindavirkjun;Arnfríður Arnardóttir
Upplýsingatækniskólinn;Námsbraut í upplýsinga- og fjölmiðlagreinum;Arnfríður Guðmundsdóttir
Upplýsingatækniskólinn;Tölvubraut;Arnþór Reynisson
Byggingatækniskólinn;Múrsmíðabraut;Arnþrúður Heimisdóttir
Upplýsingatækniskólinn;Tölvubraut;Arnþrúður Karlsdóttir
Raftækniskólinn;Rafvélavirkjun;Atli Fannar Bjarkason
Upplýsingatækniskólinn;Grafísk miðlun;Atli Gíslason
Upplýsingatækniskólinn;Tölvubraut;Atli Pétur Óðinsson
Upplýsingatækniskólinn;Tölvubraut;Atli Viðar Þorsteinsson
Upplýsingatækniskólinn;Tölvubraut;Auðunn Kjartansson
Upplýsingatækniskólinn;Tölvubraut;Auður Alfífa Ketilsdóttir
Tækniakademían;Lýsingafræði;Auður Björg Kristinsdóttir
Upplýsingatækniskólinn;Ljósmyndun;Auður Halldórsdóttir
Véltækniskólinn;Grunnnám vélstjórnar;Auður Hermannsdóttir
Tæknimenntaskólinn;Nýbúabraut;Auður Jónsdóttir
Upplýsingatækniskólinn;Tölvubraut;Auður Lilja Erlingsdóttir
Byggingatækniskólinn;Múrsmíðabraut;Auður Skúladóttir
Raftækniskólinn;Rafeindavirkjun;Axel Jóhannes Yngvason
Raftækniskólinn;Rafvirkjun;Axel Óli Ægisson
Upplýsingatækniskólinn;Kennari;Axel Thorarensen
Upplýsingatækniskólinn;Tölvubraut;Ágúst Valves Jóhannesson
Tækniakademían;Margmiðlunarfræði;Ágúst Þór Skarphéðinsson
Byggingatækniskólinn;Múrsmíðabraut;Ágústa Árnadóttir
Tæknimenntaskólinn;Kennari;Ágústa Erlingsdóttir
Véltækniskólinn;Málmiðngreinar;Ágústa Kristín Andersen
Upplýsingatækniskólinn;Grafísk miðlun;Ágústa Rut Sigurgeirsdóttir
Véltækniskólinn;Kennari;Ágústa Sigrún Ágústsdóttir
Byggingatækniskólinn;Húsasmíðabraut;Ágústa Þóra Jónsdóttir
Véltækniskólinn;Kennari;Álfheiður Eymarsdóttir
Upplýsingatækniskólinn;Tölvubraut;Álfheiður Ingadóttir
Raftækniskólinn;Rafvirkjun;Ármann Einarsson
Upplýsingatækniskólinn;Tölvubraut;Ármann Jakobsson
Tæknimenntaskólinn;Listnámsbraut;Árni Arnar Óskarsson
Upplýsingatækniskólinn;Námsbraut í upplýsinga- og fjölmiðlagreinum;Árni Bragason
Upplýsingatækniskólinn;Námsbraut í upplýsinga- og fjölmiðlagreinum;Árni Daníel Júlíusson
Tæknimenntaskólinn;Starfsnámsbrautir;Árni Grétar Finnsson
Tæknimenntaskólinn;Listnámsbraut;Árni Gunnlaugsson
Upplýsingatækniskólinn;Tölvubraut;Árni Ingólfsson
Raftækniskólinn;Rafvirkjun;Árni Johnsen
Upplýsingatækniskólinn;Námsbraut í upplýsinga- og fjölmiðlagreinum;Árni Jörgensen
Byggingatækniskólinn;Kennari;Árni Múli Jónasson
Tæknimenntaskólinn;Listnámsbraut;Árni Páll Árnason
Raftækniskólinn;Rafeindavirkjun;Árni Pétur Hilmarsson
Upplýsingatækniskólinn;Prentun;Árni Rúnar Inaba Kjartansson
Tækniakademían;Margmiðlunarfræði;Árni Rúnar Þorvaldsson
Upplýsingatækniskólinn;Tölvubraut;Árni Snæbjörnsson
Tæknimenntaskólinn;Listnámsbraut;Árni Stefán Árnason
Véltækniskólinn;Grunnnám bíliðna;Árni Stefán Jónsson
Raftækniskólinn;Kennari;Árni Þorsteinsson
Upplýsingatækniskólinn;Ljósmyndun;Árni Þór Sigurðsson
Véltækniskólinn;Grunnnám bíliðna;Árni Þór Þorgeirsson
Upplýsingatækniskólinn;Ljósmyndun;Ása Lind Finnbogadóttir
Upplýsingatækniskólinn;Tölvubraut;Ása María H. Guðmundsdóttir
Upplýsingatækniskólinn;Námsbraut í upplýsinga- og fjölmiðlagreinum;Ása Sigríður Kristjánsdóttir
Byggingatækniskólinn;Málaraiðn;Ásbjörn Óttarsson
Raftækniskólinn;Grunnnám rafiðna;Ásbjörn Þorsteinsson
Byggingatækniskólinn;Veggfóðrunar- og dúklagningabraut;Ásdís Helga Jóhannesdóttir
Meistaraskólinn;;Ásdís Jóna Sigurjónsdóttir
Upplýsingatækniskólinn;Bókband;Ásdís Thoroddsen
Handverksskólinn;Kennari;Ásgeir Einarsson
Véltækniskólinn;Kennari;Ásgeir Jóhannesson
Upplýsingatækniskólinn;Námsbraut í upplýsinga- og fjölmiðlagreinum;Ásgeir Rúnar Helgason
Tæknimenntaskólinn;Listnámsbraut;Ásgeir Þorgeirsson
Upplýsingatækniskólinn;Tölvubraut;Ásgerður Jóna Flosadóttir
Upplýsingatækniskólinn;Bókband;Ásgrímur Angantýsson
Tæknimenntaskólinn;Listnámsbraut;Ásgrímur Jónasson
Véltækniskólinn;Vélvirkjun;Áslaug Arna Sigurbjörnsdóttir
Véltækniskólinn;Vélvirkjun;Áslaug Brynjólfsdóttir
Upplýsingatækniskólinn;Tölvubraut;Áslaug Hauksdóttir
Véltækniskólinn;Vélvirkjun;Áslaug María Friðriksdóttir
Byggingatækniskólinn;Húsasmíðabraut;Ásmundur Einar Daðason
Raftækniskólinn;Rafvirkjun;Ásmundur Friðriksson
Raftækniskólinn;Kennari;Ásmundur Jón Kristjánsson
Upplýsingatækniskólinn;Prentun;Ásmundur Þór Ingason
Raftækniskólinn;Rafeindavirkjun;Ásta G. Hafberg Sigmundsdóttir
Upplýsingatækniskólinn;Tölvubraut;Ásta Guðrún Helgadóttir
Upplýsingatækniskólinn;Tölvubraut;Ásta Katrín Vilhjálmsdóttir
Meistaraskólinn;;Ásta Kristín Sigurjónsdóttir
Upplýsingatækniskólinn;Tölvubraut;Ásta Ragnheiður Jóhannesdóttir
Handverksskólinn;Kennari;Ásthildur Cesil Þórðardóttir
Raftækniskólinn;Hljóðtækni;Ásthildur Ýr Gísladóttir
Tæknimenntaskólinn;Listnámsbraut;Ástrós Signýjardóttir
Upplýsingatækniskólinn;Tölvubraut;Ástþór Gíslason
Tæknimenntaskólinn;Starfsnámsbrautir;Ástþór Óli Halldórsson
Upplýsingatækniskólinn;Prentun;Baldur Jóhannsson
Véltækniskólinn;Kennari;Baldvin Björgvinsson
Raftækniskólinn;Grunnnám rafiðna;Baldvin H. Sigurðsson
Skipstjórnarskólinn;Skipstjórn;Baldvin Örn Arnarson
Byggingatækniskólinn;Múrsmíðabraut;Barbara Ósk Guðbjartsdóttir
Upplýsingatækniskólinn;Ljósmyndun;Bárður Ragnar Jónsson
Handverksskólinn;Námsbraut í hársnyrtingu;Benedikt Bjarnason
Raftækniskólinn;Rafveituvirkjun;Benedikt Kristinsson
Endurmenntunarskólinn;;Benedikt Ólafsson
Raftækniskólinn;Grunnnám rafiðna;Benedikt Sigurðarson
Upplýsingatækniskólinn;Tölvubraut;Benedikt Stefánsson
Upplýsingatækniskólinn;Tölvubraut;Benjamín Náttmörður Árnason
Upplýsingatækniskólinn;Bókband;Benóný Harðarson
Byggingatækniskólinn;Húsgagnasmíðabraut;Berglind Guðmundsdóttir
Véltækniskólinn;Grunnnám bíliðna;Berglind Ósk Bergsdóttir
Raftækniskólinn;Rafveituvirkjun;Berglind Silja Aradóttir
Meistaraskólinn;;Bergur Þorri Benjamínsson
Tækniakademían;Margmiðlunarfræði;Bergvin Oddsson
Meistaraskólinn;;Bergþóra Þórhallsdóttir
Tæknimenntaskólinn;Náttúrufræðibraut;Berta Finnbogadóttir
Upplýsingatækniskólinn;Tölvubraut;Birgir Ármannsson
Véltækniskólinn;Kennari;Birgir Grímsson
Tæknimenntaskólinn;Listnámsbraut;Birgir Óli Sigmundsson
Upplýsingatækniskólinn;Tölvubraut;Birgir Skúlason
Tæknimenntaskólinn;Náttúrufræðibraut;Birgir Ö. Guðjónsson
Véltækniskólinn;Grunnnám bíliðna;Birgitta Jónsdóttir
Upplýsingatækniskólinn;Tölvubraut;Birkir Fannar Einarsson
Meistaraskólinn;;Birkir Jón Jónsson
Upplýsingatækniskólinn;Tölvubraut;Birna Kristín Svavarsdóttir
Upplýsingatækniskólinn;Bókband;Birna Magnúsdóttir
Véltækniskólinn;Grunnnám bíliðna;Birna Ólafsdóttir
Upplýsingatækniskólinn;Bókband;Birna Þórðardóttir
Véltækniskólinn;Kennari;Birta Jóhannesdóttir
Upplýsingatækniskólinn;Grafísk miðlun;Bíbí Ólafsdóttir
Raftækniskólinn;Rafeindavirkjun;Bjarkey Gunnarsdóttir
Raftækniskólinn;Grunnnám rafiðna;Bjarki Ármann Oddsson
Véltækniskólinn;Grunnnám bíliðna;Bjarki Bjarnason
Handverksskólinn;Grunnnám fataiðna;Bjarki Hilmarsson
Raftækniskólinn;Rafveituvirkjun;Bjarki Sigursveinsson
Handverksskólinn;Gull- og silfursmíði;Bjarki Þór Grönfeldt Gunnarsson
Tæknimenntaskólinn;Starfsnámsbrautir;Bjarney Grendal Jóhannesdóttir
Raftækniskólinn;Kennari;Bjarni Ásgeir Jónsson
Tæknimenntaskólinn;Starfsnámsbrautir;Bjarni Benediktsson
Véltækniskólinn;Málmiðngreinar;Bjarni Benediktsson
Skipstjórnarskólinn;Skipstjórn;Bjarni Harðarson
Byggingatækniskólinn;Málaraiðn;Bjarni M. Jónsson
Upplýsingatækniskólinn;Prentun;Bjarni Rúnar Einarsson
Byggingatækniskólinn;Múrsmíðabraut;Bjarni Sigurðsson
Raftækniskólinn;Rafeindavirkjun;Bjarni Þóroddsson
Meistaraskólinn;;Bjarnveig Ingvadóttir
Upplýsingatækniskólinn;Tölvubraut;Bjartmar St. Steinarsson
Raftækniskólinn;Rafvirkjun;Björg Hafsteinsdóttir
Upplýsingatækniskólinn;Tölvubraut;Björg Kjartansdóttir
Upplýsingatækniskólinn;Grafísk miðlun;Björg Sigurðardóttir
Flugskóli Íslands;;Björgúlfur Egill Pálsson
Meistaraskólinn;;Björgvin Björgvinsson
Tækniakademían;Margmiðlunarfræði;Björgvin G. Sigurðsson
Upplýsingatækniskólinn;Tölvubraut;Björgvin Rúnar Leifsson
Upplýsingatækniskólinn;Tölvubraut;Björgvin Víglundsson
Tækniakademían;Lýsingafræði;Björk Hjaltalín Stefánsdóttir
Raftækniskólinn;Rafeindavirkjun;Björk Sigurgeirsdóttir
Upplýsingatækniskólinn;Tölvubraut;Björk Vilhelmsdóttir
Upplýsingatækniskólinn;Grafísk miðlun;Björn Birgir Þorláksson
Byggingatækniskólinn;Veggfóðrunar- og dúklagningabraut;Björn Birkisson
Upplýsingatækniskólinn;Tölvubraut;Björn H. Jónsson
Raftækniskólinn;Rafeindavirkjun;Björn Halldórsson
Byggingatækniskólinn;Húsasmíðabraut;Björn Kristjánsson
Véltækniskólinn;Grunnnám bíliðna;Björn Leví Gunnarsson
Tæknimenntaskólinn;Starfsnámsbrautir;Björn Rúnar Agnarsson
Byggingatækniskólinn;Veggfóðrunar- og dúklagningabraut;Björn Samúelsson
Upplýsingatækniskólinn;Tölvubraut;Björn Torfi Hauksson
Upplýsingatækniskólinn;Tölvubraut;Björn Valdimar Guðjónsson
Upplýsingatækniskólinn;Ljósmyndun;Björn Valur Gíslason
Raftækniskólinn;Rafvirkjun;Björn Virgill Hartmannsson
Tæknimenntaskólinn;Kennari;Björn Þór Jóhannesson
Upplýsingatækniskólinn;Tölvubraut;Björn Þór Sigurbjörnsson
Upplýsingatækniskólinn;Tölvubraut;Björt Ólafsdóttir
Upplýsingatækniskólinn;Tölvubraut;Borgar Þór Einarsson
Tækniakademían;Lýsingafræði;Borghildur Guðmundsdóttir
Tækniakademían;Margmiðlunarfræði;Borghildur Kristinsdóttir
Tæknimenntaskólinn;Nýbúabraut;Borghildur Sturludóttir
Meistaraskólinn;Kennari;Bragi S. Björgvinsson
Véltækniskólinn;Málmiðngreinar;Brandur Gíslason
Véltækniskólinn;Grunnnám bíliðna;Bryndís Brynjarsdóttir
Upplýsingatækniskólinn;Tölvubraut;Bryndís Hrönn Ragnarsdóttir
Tæknimenntaskólinn;Starfsnámsbrautir;Bryndís Loftsdóttir
Tækniakademían;Margmiðlunarfræði;Bryndís Sigurðardóttir
Meistaraskólinn;Kennari;Brynhildur Pétursdóttir
Véltækniskólinn;Grunnnám vélstjórnar;Brynhildur S. Björnsdóttir
Upplýsingatækniskólinn;Tölvubraut;Brynja Björk Birgisdóttir
Meistaraskólinn;Kennari;Brynja Reynisdóttir
Véltækniskólinn;Vélvirkjun;Brynjar Fransson
Flugskóli Íslands;;Brynjar Gunnarsson
Upplýsingatækniskólinn;Tölvubraut;Brynjar Þór Níelsson
Handverksskólinn;Gull- og silfursmíði;Brynjólfur H. Ásþórsson
Raftækniskólinn;Kennari;Brynjólfur Ingvarsson
Handverksskólinn;Kennari;Brynjólfur Tómasson
Tæknimenntaskólinn;Starfsnámsbrautir;Böðvar Guðmundsson
Tæknimenntaskólinn;Náttúrufræðibraut;Böðvar Ingi Guðbjartsson
Raftækniskólinn;Grunnnám rafiðna;Can Ragnar Mete
Raftækniskólinn;Rafeindavirkjun;Cecil Haraldsson
Upplýsingatækniskólinn;Ljósmyndun;Daði Guðbjörnsson
Raftækniskólinn;Grunnnám rafiðna;Dagbjört Elín Pálsdóttir
Véltækniskólinn;Kennari;Dagbjört Guðmundsdóttir
Upplýsingatækniskólinn;Námsbraut í upplýsinga- og fjölmiðlagreinum;Dagbjört Hákonardóttir
Tækniakademían;Veffræði;Dagmar Lóa Hilmarsdóttir
Upplýsingatækniskólinn;Námsbraut í upplýsinga- og fjölmiðlagreinum;Dagný Hængsdóttir
Byggingatækniskólinn;Veggfóðrunar- og dúklagningabraut;Dagný Rósa Úlfarsdóttir
Flugskóli Íslands;;Dagný Þrastardóttir
Upplýsingatækniskólinn;Ljósmyndun;Dagur B. Eggertsson
Raftækniskólinn;Rafeindavirkjun;Dagur Fannar Dagsson
Meistaraskólinn;Kennari;Dagur Skírnir Óðinsson
Véltækniskólinn;Grunnnám bíliðna;Daníel Haukur Arnarsson
Skipstjórnarskólinn;Skipstjórn;Daníel Magnússon
Tæknimenntaskólinn;Náttúrufræðibraut;Davíð Elvar Másson
Upplýsingatækniskólinn;Tölvubraut;Davíð Halldór Lúðvíksson
Upplýsingatækniskólinn;Kennari;Davíð Jónsson
Upplýsingatækniskólinn;Tölvubraut;Davíð Kristján Pitt
Upplýsingatækniskólinn;Bókband;Davíð Stefánsson
Upplýsingatækniskólinn;Tölvubraut;Davíð Þór Jónsson
Upplýsingatækniskólinn;Tölvubraut;Diljá Ámundadóttir
Byggingatækniskólinn;Húsgagnasmíðabraut;Díana Ósk Heiðarsdóttir
Upplýsingatækniskólinn;Bókband;Drífa Baldursdóttir
Upplýsingatækniskólinn;Tölvubraut;Ebenezer Þórarinn Ásgeirsson
Tæknimenntaskólinn;Starfsnámsbrautir;Edda Sif Bergmann Þorvaldsdóttir
Raftækniskólinn;Rafeindavirkjun;Edward H. Huijbens
Tæknimenntaskólinn;Náttúrufræðibraut;Edwin M. Kaaber
Tæknimenntaskólinn;Starfsnámsbrautir;Eggert Hafsteinn Margeirsson
Handverksskólinn;Grunnnám fataiðna;Egill Hansson
Tæknimenntaskólinn;Náttúrufræðibraut;Egill Hjartarson
Upplýsingatækniskólinn;Námsbraut í upplýsinga- og fjölmiðlagreinum;Egill Ólafsson
Upplýsingatækniskólinn;Tölvubraut;Einar Andrésson
Tæknimenntaskólinn;Kennari;Einar Bergmundur Arnbjörnsson
Véltækniskólinn;Málmiðngreinar;Einar Björn Bjarnason
Byggingatækniskólinn;Málaraiðn;Einar Brandsson
Véltækniskólinn;Málmiðngreinar;Einar Guðnason
Tæknimenntaskólinn;Listnámsbraut;Einar Hafsteinn Árnason
Tæknimenntaskólinn;Náttúrufræðibraut;Einar Ingvason
Upplýsingatækniskólinn;Tölvubraut;Einar Jónsson
Byggingatækniskólinn;Húsgagnasmíðabraut;Einar K. Guðfinnsson
Tæknimenntaskólinn;Nýbúabraut;Einar Karl Birgisson
Upplýsingatækniskólinn;Tölvubraut;Einar Örn Benediktsson
Handverksskólinn;Grunnnám fataiðna;Einar Örn Gissurarson
Upplýsingatækniskólinn;Tölvubraut;Eiríka Ólafsdóttir
Skipstjórnarskólinn;Skipstjórn;Eiríkur A. Nilssen
Raftækniskólinn;Rafvirkjun;Eiríkur Friðriksson
Upplýsingatækniskólinn;Tölvubraut;Eiríkur Hans Sigurðsson
Tækniakademían;Veffræði;Eiríkur Harðarson
Upplýsingatækniskólinn;Grafísk miðlun;Eiríkur Ómar Sæland
Tæknimenntaskólinn;Náttúrufræðibraut;Eiríkur Stefánsson
Upplýsingatækniskólinn;Tölvubraut;Eldar Ástþórsson
Tækniakademían;Kennari;Elín Birna Vigfúsdóttir
Upplýsingatækniskólinn;Tölvubraut;Elín Helga Magnúsdóttir
Upplýsingatækniskólinn;Námsbraut í upplýsinga- og fjölmiðlagreinum;Elín Helgadóttir
Tæknimenntaskólinn;Starfsnámsbrautir;Elín Hirst
Upplýsingatækniskólinn;Tölvubraut;Elín Íris Erlingsdóttir
Tæknimenntaskólinn;Nýbúabraut;Elín Jóhannsdóttir
Meistaraskólinn;;Elín Káradóttir
Raftækniskólinn;Kennari;Elín Sigurðardóttir
Véltækniskólinn;Kennari;Elín Tryggvadóttir
Upplýsingatækniskólinn;Tölvubraut;Elínbjörg Magnúsdóttir
Endurmenntunarskólinn;Kennari;Elínborg Halldórsdóttir
Tæknimenntaskólinn;Náttúrufræðibraut;Elínborg K. Kristjánsdóttir
Raftækniskólinn;Rafvirkjun;Elínborg María Ólafsdóttir
Handverksskólinn;Kennari;Elísabet Anna Pétursdóttir
Meistaraskólinn;Kennari;Elísabet Karlsdóttir
Véltækniskólinn;Vélstjórabraut;Elísabet Ólöf Helgadóttir
Upplýsingatækniskólinn;Tölvubraut;Elísabet Svava Kristjánsdóttir
Tæknimenntaskólinn;Starfsnámsbrautir;Elísabet Valgeirsdóttir
Byggingatækniskólinn;Húsasmíðabraut;Elsa Lára Arnardóttir
Raftækniskólinn;Rafeindavirkjun;Elsa María Guðmundsdóttir
Véltækniskólinn;Málmiðngreinar;Elsa Yeoman
Upplýsingatækniskólinn;Tölvubraut;Elva Rakel Sævarsdóttir
Raftækniskólinn;Grunnnám rafiðna;Elvar Jónsson
Véltækniskólinn;Málmiðngreinar;Elvar Örn Arason
Tæknimenntaskólinn;Starfsnámsbrautir;Emil Austmann Kristinsson
Raftækniskólinn;Kennari;Emil K. Thorarensen
Raftækniskólinn;Grunnnám rafiðna;Emil Thorarensen
Véltækniskólinn;Kennari;Emilía Sif Ásgrímsdóttir
Raftækniskólinn;Kennari;Emma Tryggvadóttir
Meistaraskólinn;;Erla Björnsdóttir
Upplýsingatækniskólinn;Ljósmyndun;Erla Bolladóttir
Tæknimenntaskólinn;Nýbúabraut;Erla Karlsdóttir
Upplýsingatækniskólinn;Tölvubraut;Erla María Jónsdóttir Tölgyes
Upplýsingatækniskólinn;Tölvubraut;Erla Ósk Ásgeirsdóttir
Tæknimenntaskólinn;Kennari;Erla Rut Káradóttir
Meistaraskólinn;;Erla S. Ragnarsdóttir
Raftækniskólinn;Grunnnám rafiðna;Erla Sigurveig Ingólfsdóttir
Raftækniskólinn;Grunnnám rafiðna;Erling Ingvason
Tækniakademían;Lýsingafræði;Erlingur Björnsson
Tæknimenntaskólinn;Náttúrufræðibraut;Erlingur J. Erlingsson
Endurmenntunarskólinn;;Erlingur S. Haraldsson
Raftækniskólinn;Grunnnám rafiðna;Erlingur Sigurðarson
Upplýsingatækniskólinn;Tölvubraut;Erna Bjarnadóttir
Upplýsingatækniskólinn;Tölvubraut;Erna Dís Sch. Eriksdóttir
Byggingatækniskólinn;Kennari;Erna Guðmundsdóttir
Raftækniskólinn;Grunnnám rafiðna;Erna Indriðadóttir
Upplýsingatækniskólinn;Grafísk miðlun;Erna Sólveigardóttir
Raftækniskólinn;Grunnnám rafiðna;Erna Valborg Björgvinsdóttir
Tækniakademían;Kennari;Eva Aasted
Skipstjórnarskólinn;Skipstjórn;Eva Agata Alexdóttir
Upplýsingatækniskólinn;Prentun;Eva Dögg Ísfeld Hjaltadóttir
Upplýsingatækniskólinn;Tölvubraut;Eva Guðrún Gunnbjörnsdóttir
Upplýsingatækniskólinn;Námsbraut í upplýsinga- og fjölmiðlagreinum;Eva Indriðadóttir
Tæknimenntaskólinn;Listnámsbraut;Eva Oliversdóttir
Byggingatækniskólinn;Kennari;Eva Símonardóttir
Meistaraskólinn;;Eydís Bára Jóhannsdóttir
Upplýsingatækniskólinn;Tölvubraut;Eydís Kr. Sveinbjarnardóttir
Tæknimenntaskólinn;Nýbúabraut;Eygló Harðardóttir
Byggingatækniskólinn;Múrsmíðabraut;Eygló Sigurðardóttir
Tækniakademían;Veffræði;Eyjólfur Eysteinsson
Tæknimenntaskólinn;Kennari;Eyjólfur Kristinn Jónsson
Véltækniskólinn;Málmiðngreinar;Eyjólfur Magnússon Scheving
Tæknimenntaskólinn;Náttúrufræðibraut;Eyjólfur V. Ingólfsson
Upplýsingatækniskólinn;Ljósmyndun;Eyrún Eyþórsdóttir
Byggingatækniskólinn;Húsgagnasmíðabraut;Eyrún Ingibjörg Sigþórsdóttir
Byggingatækniskólinn;Tækniteiknun;Eyþór Jóvinsson
Upplýsingatækniskólinn;Tölvubraut;Falasteen Abu Libdeh
Véltækniskólinn;Vélvirkjun;Fanney Birna Jónsdóttir
Upplýsingatækniskólinn;Tölvubraut;Fanný Gunnarsdóttir
Tækniakademían;Kennari;Finnbogi Vikar
Upplýsingatækniskólinn;Tölvubraut;Finnur Jónasson
Raftækniskólinn;Rafvélavirkjun;Fjóla Hrund Björnsdóttir
Meistaraskólinn;Kennari;Flosi Þorgeirsson
Tæknimenntaskólinn;Nýbúabraut;Freyja Haraldsdóttir
Upplýsingatækniskólinn;Tölvubraut;Freyja Steingrímsdóttir
Véltækniskólinn;Vélvirkjun;Freyr Friðriksson
Raftækniskólinn;Grunnnám rafiðna;Friðbjörg J. Sigurjónsdóttir
Raftækniskólinn;Kennari;Friðgeir Smári Gestsson
Skipstjórnarskólinn;Skipstjórn;Friðgeir Torfi Ásgeirsson
Tæknimenntaskólinn;Starfsnámsbrautir;Friðjón R. Friðjónsson
Upplýsingatækniskólinn;Tölvubraut;Friðrik Atlason
Raftækniskólinn;Rafveituvirkjun;Friðrik Bragi Dýrfjörð
Upplýsingatækniskólinn;Bókband;Friðrik Dagur Arnarson
Tæknimenntaskólinn;Náttúrufræðibraut;Friðrik Daníelsson
Tæknimenntaskólinn;Listnámsbraut;Friðrik Hansen Guðmundsson
Upplýsingatækniskólinn;Tölvubraut;Friðrik Rafnsson
Upplýsingatækniskólinn;Námsbraut í upplýsinga- og fjölmiðlagreinum;Friðrik Ragnar Jónsson
Tæknimenntaskólinn;Náttúrufræðibraut;Friðrik V. Halldórsson
Upplýsingatækniskólinn;Tölvubraut;Friðrik Valgeir Guðmundsson
Upplýsingatækniskólinn;Ljósmyndun;Friðrik Þór Guðmundsson
Upplýsingatækniskólinn;Tölvubraut;Friðrikka Edda Þórarinsdóttir
Tæknimenntaskólinn;Listnámsbraut;Friðþjófur Helgi Karlsson
Raftækniskólinn;Rafvirkjun;Fríða Björk Einarsdóttir
Upplýsingatækniskólinn;Tölvubraut;Frosti Sigurjónsson
Véltækniskólinn;Grunnnám bíliðna;Garðar Heimir Guðjónsson
Tæknimenntaskólinn;Nýbúabraut;Garðar Jóhannsson
Handverksskólinn;Námsbraut í hársnyrtingu;Garðar Svansson
Byggingatækniskólinn;Húsgagnasmíðabraut;Gauti Geirsson
Véltækniskólinn;Kennari;Geir Guðbrandsson
Raftækniskólinn;Rafvirkjun;Geir Jón Þórisson
Tæknimenntaskólinn;Náttúrufræðibraut;Georg Ragnarsson
Upplýsingatækniskólinn;Tölvubraut;Gerður Hauksdóttir
Upplýsingatækniskólinn;Tölvubraut;Gestur Guðjónsson
Véltækniskólinn;Grunnnám bíliðna;Gestur Svavarsson
Byggingatækniskólinn;Múrsmíðabraut;Gísli Árnason
Byggingatækniskólinn;Málaraiðn;Gísli Árni Böðvarsson
Upplýsingatækniskólinn;Tölvubraut;Gísli Fannar Rúnarsson
Upplýsingatækniskólinn;Tölvubraut;Gísli Garðarsson
Tæknimenntaskólinn;Náttúrufræðibraut;Gísli Halldórsson
Tækniakademían;Veffræði;Gísli Hermannsson
Upplýsingatækniskólinn;Tölvubraut;Gísli Marteinsson
Endurmenntunarskólinn;Kennari;Gísli Páll Guðjónsson
Véltækniskólinn;Vélstjórabraut;Gísli Ragnarsson
Raftækniskólinn;Grunnnám rafiðna;Gísli Tryggvason
Handverksskólinn;Kennari;Grazyna Zofia Bajda
Upplýsingatækniskólinn;Tölvubraut;Gréta Jónsdóttir
Tækniakademían;Veffræði;Gréta M. Jósepsdóttir
Handverksskólinn;Námsbraut í hársnyrtingu;Gréta Sjöfn Guðmundsdóttir
Skipstjórnarskólinn;Skipstjórn;Gréta Sólveig Gunnlaugsdóttir
Handverksskólinn;Grunnnám fataiðna;Grétar Már Ragnarsson Amazeen
Upplýsingatækniskólinn;Tölvubraut;Grétar Ómarsson
Upplýsingatækniskólinn;Tölvubraut;Grímur Atlason
Upplýsingatækniskólinn;Tölvubraut;Grímur Guðmundsson
Tæknimenntaskólinn;Starfsnámsbrautir;Gróa Ásgeirsdóttir
Raftækniskólinn;Kennari;Gróa Hafdís Jónsdóttir
Upplýsingatækniskólinn;Tölvubraut;Guðbjartur G. Gissurarson
Flugskóli Íslands;;Guðbjartur Hannesson
Upplýsingatækniskólinn;Tölvubraut;Guðbjartur Nilsson
Skipstjórnarskólinn;Skipstjórn;Guðbjörg A. Finnbogadóttir
Upplýsingatækniskólinn;Námsbraut í upplýsinga- og fjölmiðlagreinum;Guðbjörg Ása Jónsdóttir Huldudóttir
Upplýsingatækniskólinn;Tölvubraut;Guðbjörg Edda Björgvinsdóttir
Upplýsingatækniskólinn;Tölvubraut;Guðbjörg Sigríður Pétursdóttir
Véltækniskólinn;Grunnnám bíliðna;Guðbjörg Sveinsdóttir
Upplýsingatækniskólinn;Tölvubraut;Guðbjörn Guðbjörnsson
Véltækniskólinn;Kennari;Guðbjörn Sigvaldason
Raftækniskólinn;Rafveituvirkjun;Guðfinna Gunnarsdóttir
Handverksskólinn;Kennari;Guðjón Arnar Kristjánsson
Byggingatækniskólinn;Veggfóðrunar- og dúklagningabraut;Guðjón Bjarnason
Byggingatækniskólinn;Múrsmíðabraut;Guðjón Elías Davíðsson
Upplýsingatækniskólinn;Tölvubraut;Guðjón Gunnlaugsson
Véltækniskólinn;Vélstjórabraut;Guðjón H. Ólafsson
Upplýsingatækniskólinn;Tölvubraut;Guðjón P. Einarsson
Tæknimenntaskólinn;Starfsnámsbrautir;Guðjón Snæfeld Magnússon
Tæknimenntaskólinn;Náttúrufræðibraut;Guðjón Þór Guðjónsson
Raftækniskólinn;Rafveituvirkjun;Guðlaug Elísabet Finnsdóttir
Tæknimenntaskólinn;Nýbúabraut;Guðlaug Kristjánsdóttir
Upplýsingatækniskólinn;Tölvubraut;Guðlaug Teitsdóttir
Raftækniskólinn;Rafvirkjun;Guðlaugur Ingi Steinarsson
Flugskóli Íslands;;Guðlaugur Jónsson
Véltækniskólinn;Vélvirkjun;Guðlaugur Þór Þórðarson
Raftækniskólinn;Grunnnám rafiðna;Guðlaugur Ævar Hilmarsson
Tæknimenntaskólinn;Listnámsbraut;Guðmunda Elíasdóttir
Tæknimenntaskólinn;Kennari;Guðmundur Auðunsson
Upplýsingatækniskólinn;Tölvubraut;Guðmundur Bjarkarson
Raftækniskólinn;Rafvirkjun;Guðmundur Elíasson
Handverksskólinn;Kennari;Guðmundur G. Jónsson
Tæknimenntaskólinn;Listnámsbraut;Guðmundur G. Kristinsson
Meistaraskólinn;;Guðmundur Gíslason
Tæknimenntaskólinn;Starfsnámsbrautir;Guðmundur Gísli Geirdal
Flugskóli Íslands;Kennari;Guðmundur Guðmundsson
Upplýsingatækniskólinn;Námsbraut í upplýsinga- og fjölmiðlagreinum;Guðmundur Gunnarsson
Raftækniskólinn;Rafveituvirkjun;Guðmundur H. Sigurjónsson
Upplýsingatækniskólinn;Námsbraut í upplýsinga- og fjölmiðlagreinum;Guðmundur Ingi Kristinsson
Byggingatækniskólinn;Málaraiðn;Guðmundur Jónas Kristjánsson
Upplýsingatækniskólinn;Kennari;Guðmundur Júlíus Þórðarson
Byggingatækniskólinn;Húsgagnasmíðabraut;Guðmundur Kjartansson
Upplýsingatækniskólinn;Kennari;Guðmundur M. Engilbertsson
Raftækniskólinn;Grunnnám rafiðna;Guðmundur M. H. Beck
Upplýsingatækniskólinn;Tölvubraut;Guðmundur Már Sigurðsson
Raftækniskólinn;Hljóðtækni;Guðmundur Ómar Helgason
Tæknimenntaskólinn;Kennari;Guðmundur Óskar Hermannsson
Véltækniskólinn;Grunnnám vélstjórnar;Guðmundur Páll Kjartansson
Upplýsingatækniskólinn;Tölvubraut;Guðmundur Rúnar Guðmundsson
Skipstjórnarskólinn;Skipstjórn;Guðmundur S. Brynjófsson
Tæknimenntaskólinn;Nýbúabraut;Guðmundur Steingrímsson
Tækniakademían;Kennari;Guðmundur Sæmundsson
Raftækniskólinn;Grunnnám rafiðna;Guðmundur Wiium Stefánsson
Tæknimenntaskólinn;Náttúrufræðibraut;Guðmundur Þór Gunnþórsson
Upplýsingatækniskólinn;Námsbraut í upplýsinga- og fjölmiðlagreinum;Guðni Rúnar Jónasson
Tæknimenntaskólinn;Náttúrufræðibraut;Guðni Sörensen
Upplýsingatækniskólinn;Prentun;Guðni Þór Guðnason
Raftækniskólinn;Grunnnám rafiðna;Guðný Aðalsteinsdóttir
Tæknimenntaskólinn;Listnámsbraut;Guðný Halldórsdóttir
Flugskóli Íslands;;Guðný Sóley Kristinsdóttir
Tæknimenntaskólinn;Kennari;Guðríður Traustadóttir
Tækniakademían;Veffræði;Guðrún Ágústa Ágústsdóttir
Véltækniskólinn;Grunnnám bíliðna;Guðrún Ágústa Guðmundsdóttir
Handverksskólinn;Grunnnám fataiðna;Guðrún Ágústa Þórdísardóttir
Véltækniskólinn;Kennari;Guðrún Ásta Guðjónsdóttir
Upplýsingatækniskólinn;Tölvubraut;Guðrún Birgisdóttir
Upplýsingatækniskólinn;Grafísk miðlun;Guðrún Bjarnadóttir
Handverksskólinn;Kennari;Guðrún Dadda Ásmundardóttir
Raftækniskólinn;Grunnnám rafiðna;Guðrún E. Kjerúlf
Handverksskólinn;Námsbraut í hársnyrtingu;Guðrún Eggertsdóttir
Upplýsingatækniskólinn;Tölvubraut;Guðrún Eiríksdóttir
Tæknimenntaskólinn;Listnámsbraut;Guðrún Guðlaugsdóttir
Tæknimenntaskólinn;Listnámsbraut;Guðrún Guðmundsdóttir
Flugskóli Íslands;;Guðrún Guðný Long
Skipstjórnarskólinn;Skipstjórn;Guðrún H. Bjarnadóttir
Upplýsingatækniskólinn;Tölvubraut;Guðrún Hallgrímsdóttir
Véltækniskólinn;Kennari;Guðrún Helga Jónsdóttir
Tæknimenntaskólinn;Náttúrufræðibraut;Guðrún Indriðadóttir
Tækniakademían;Veffræði;Guðrún Ingimundardóttir
Raftækniskólinn;Grunnnám rafiðna;Guðrún Jónsdóttir
Raftækniskólinn;Grunnnám rafiðna;Guðrún Kristjánsdóttir
Véltækniskólinn;Kennari;Guðrún Lilja Guðmundsdóttir
Tæknimenntaskólinn;Nýbúabraut;Guðrún Lísbet Níelsdóttir
Upplýsingatækniskólinn;Tölvubraut;Guðrún Magnúsdóttir
Handverksskólinn;Gull- og silfursmíði;Guðrún Margrét Jónsdóttir
Meistaraskólinn;;Guðrún María Valgeirsdóttir
Tæknimenntaskólinn;Nýbúabraut;Guðrún Sesselja Arnardóttir
Upplýsingatækniskólinn;Tölvubraut;Guðrún Sigríður Briem
Tæknimenntaskólinn;Kennari;Guðrún Sigríður Jónsdóttir
Tæknimenntaskólinn;Náttúrufræðibraut;Guðrún Sigurbjörg Guðmundsdóttir
Tæknimenntaskólinn;Starfsnámsbrautir;Gullveig T. Sæmundsdóttir
Byggingatækniskólinn;Húsgagnasmíðabraut;Gunnar Atli Gunnarsson
Véltækniskólinn;Kennari;Gunnar Bergmann Stefánsson
Byggingatækniskólinn;Húsasmíðabraut;Gunnar Bragi Sveinsson
Raftækniskólinn;Grunnnám rafiðna;Gunnar Gunnarsson
Upplýsingatækniskólinn;Tölvubraut;Gunnar Gunnarsson
Upplýsingatækniskólinn;Námsbraut í upplýsinga- og fjölmiðlagreinum;Gunnar Guttormsson
Véltækniskólinn;Kennari;Gunnar Helgason
Véltækniskólinn;Málmiðngreinar;Gunnar Hólmsteinn Guðmundsson
Tækniakademían;Veffræði;Gunnar Hörður Garðarsson
Flugskóli Íslands;;Gunnar Jónsson
Tæknimenntaskólinn;Kennari;Gunnar Marel Eggertsson
Byggingatækniskólinn;Múrsmíðabraut;Gunnar P. Ingólfsson
Tæknimenntaskólinn;Starfsnámsbrautir;Gunnar Sigurjónsson
Véltækniskólinn;Kennari;Gunnar Skúli Ármannsson
Upplýsingatækniskólinn;Tölvubraut;Gunnar Stefán Richter
Tæknimenntaskólinn;Kennari;Gunnar Sturla Ágústuson
Tækniakademían;Margmiðlunarfræði;Gunnar Þór Jónsson
Upplýsingatækniskólinn;Tölvubraut;Gunnar Þórðarson
Upplýsingatækniskólinn;Grafísk miðlun;Gunnhildur Hjartardóttir
Byggingatækniskólinn;Múrsmíðabraut;Gunnhildur Inga Rúnarsdóttir
Upplýsingatækniskólinn;Ljósmyndun;Gunnhildur Valdimarsdóttir
Upplýsingatækniskólinn;Námsbraut í upplýsinga- og fjölmiðlagreinum;Gunnjón Gestsson
Véltækniskólinn;Vélstjórabraut;Gunnlaugur Guðmundsson
Upplýsingatækniskólinn;Grafísk miðlun;Gunnlaugur Ingvarsson
Raftækniskólinn;Grunnnám rafiðna;Gunnlaugur Ólafsson
Upplýsingatækniskólinn;Bókband;Gunnsteinn Gunnarsson
Upplýsingatækniskólinn;Tölvubraut;Gunnur Árnadóttir
Upplýsingatækniskólinn;Tölvubraut;Gústaf Grönvold
Upplýsingatækniskólinn;Tölvubraut;Gyða Björk Atladóttir
Upplýsingatækniskólinn;Námsbraut í upplýsinga- og fjölmiðlagreinum;Gyða Jónsdóttir
Byggingatækniskólinn;Málaraiðn;Gylfi Ægisson
Raftækniskólinn;Kennari;Hafdís Yurith Zabdid Ólason
Véltækniskólinn;Málmiðngreinar;Hafsteinn H. Ágústsson
Upplýsingatækniskólinn;Tölvubraut;Hafsteinn Már Másson
Véltækniskólinn;Grunnnám vélstjórnar;Hafþór Bryndísarson
Tæknimenntaskólinn;Starfsnámsbrautir;Halla Halldórsdóttir
Véltækniskólinn;Kennari;Halldór Atli Nielsen Björnsson
Tæknimenntaskólinn;Kennari;Halldór Berg Harðarson
Véltækniskólinn;Vélstjórabraut;Halldór Blöndal
Tæknimenntaskólinn;Náttúrufræðibraut;Halldór Gísli Sigurþórsson
Upplýsingatækniskólinn;Tölvubraut;Halldór Gunnarsson
Raftækniskólinn;Rafvélavirkjun;Halldór Hlöðversson
Tæknimenntaskólinn;Náttúrufræðibraut;Halldór Kristján Hjartarson
Upplýsingatækniskólinn;Tölvubraut;Halldór Kristófersson
Byggingatækniskólinn;Húsasmíðabraut;Halldór Logi Friðgeirsson
Upplýsingatækniskólinn;Tölvubraut;Halldór Nikulás Lárusson
Raftækniskólinn;Rafvélavirkjun;Halldór Zoëga
Tæknimenntaskólinn;Listnámsbraut;Halldóra Lena Christians
Handverksskólinn;Gull- og silfursmíði;Halldóra Lóa Þorvaldsdóttir
Upplýsingatækniskólinn;Prentun;Halldóra Mogensen
Skipstjórnarskólinn;Skipstjórn;Hallgrímur Hjálmarsson
Véltækniskólinn;Kennari;Hallur Guðmundsson
Véltækniskólinn;Vélvirkjun;Hanna Birna Kristjánsdóttir
Upplýsingatækniskólinn;Námsbraut í upplýsinga- og fjölmiðlagreinum;Hanna Björg Vilhjálmsdóttir
Tækniakademían;Lýsingafræði;Hanna Guðrún Kristinsdóttir
Meistaraskólinn;Kennari;Hanna Sigrún Helgadóttir
Handverksskólinn;Kennari;Hanna Þrúður Þórðardóttir
Tækniakademían;Margmiðlunarfræði;Hannes Friðriksson
Upplýsingatækniskólinn;Tölvubraut;Hannes Ingi Guðmundsson
Véltækniskólinn;Vélstjórabraut;Hannes Sigurbjörn Jónsson
Véltækniskólinn;Grunnnám bíliðna;Hans A. Margrétarson Hansen
Upplýsingatækniskólinn;Námsbraut í upplýsinga- og fjölmiðlagreinum;Hans Kristján Árnason
Byggingatækniskólinn;Húsgagnasmíðabraut;Haraldur Benediktsson
Upplýsingatækniskólinn;Tölvubraut;Haraldur Dean Nelson
Raftækniskólinn;Rafvélavirkjun;Haraldur Einarsson
Véltækniskólinn;Kennari;Haraldur Emilsson
Véltækniskólinn;Kennari;Haraldur Haraldsson
Raftækniskólinn;Rafeindavirkjun;Haraldur Helgi Hólmfríðarson
Raftækniskólinn;Kennari;Haraldur Huginn Guðmundsson
Véltækniskólinn;Grunnnám vélstjórnar;Haraldur Kristinn Gyðuson
Byggingatækniskólinn;Málaraiðn;Haraldur Kristján Ólason
Byggingatækniskólinn;Málaraiðn;Haraldur Sigurjónsson
Upplýsingatækniskólinn;Tölvubraut;Harpa Elísa Þórsdóttir
Upplýsingatækniskólinn;Tölvubraut;Harpa Karlsdóttir
Upplýsingatækniskólinn;Grafísk miðlun;Harpa Njálsdóttir
Véltækniskólinn;Málmiðngreinar;Harpa Rut Hilmarsdóttir
Tækniakademían;Kennari;Harpa Rún Kristjánsdóttir
Upplýsingatækniskólinn;Tölvubraut;Haukur Freyr Gröndal
Upplýsingatækniskólinn;Ljósmyndun;Haukur Hilmarsson
Upplýsingatækniskólinn;Prentun;Haukur Ísbjörn Jóhannsson
Byggingatækniskólinn;Kennari;Haukur Logi Jóhannsson
Flugskóli Íslands;Kennari;Haukur Már Sigurðsson
Véltækniskólinn;Grunnnám bíliðna;Hákon Einar Júlíusson
Tæknimenntaskólinn;Starfsnámsbrautir;Hákon Sverrisson
Byggingatækniskólinn;Húsgagnasmíðabraut;Heiða Dís Fjeldsted
Upplýsingatækniskólinn;Tölvubraut;Heiða Kristín Helgadóttir
Upplýsingatækniskólinn;Tölvubraut;Heiðrún Lind Marteinsdóttir
Raftækniskólinn;Rafveituvirkjun;Heimir Eyvindsson
Meistaraskólinn;;Heimir Örn Árnason
Véltækniskólinn;Vélstjórabraut;Helena Íris Kristjánsdóttir
Handverksskólinn;Gull- og silfursmíði;Helena María Jónsdóttir Stolzenwald
Byggingatækniskólinn;Tækniteiknun;Helena Svanlaug Sigurðardóttir
Raftækniskólinn;Grunnnám rafiðna;Helena Þuríður Karlsdóttir
Upplýsingatækniskólinn;Tölvubraut;Helga Arnardóttir
Tækniakademían;Kennari;Helga Ágústsdóttir
Byggingatækniskólinn;Tækniteiknun;Helga Bjarnadóttir
Tæknimenntaskólinn;Nýbúabraut;Helga Bragadóttir
Tækniakademían;Kennari;Helga Garðarsdóttir
Véltækniskólinn;Málmiðngreinar;Helga Kristjánsdóttir
Raftækniskólinn;Grunnnám rafiðna;Helga M. Sigurðardóttir
Upplýsingatækniskólinn;Kennari;Helga Nína Heimisdóttir
Upplýsingatækniskólinn;Tölvubraut;Helga Ragnheiður Óskarsdóttir
Upplýsingatækniskólinn;Tölvubraut;Helga Þórðardóttir
Tæknimenntaskólinn;Náttúrufræðibraut;Helgi Ásgeir Harðarson
Tæknimenntaskólinn;Starfsnámsbrautir;Helgi Gestsson
Handverksskólinn;Gull- og silfursmíði;Helgi Guðmundsson
Meistaraskólinn;;Helgi Haukur Hauksson
Véltækniskólinn;Grunnnám vélstjórnar;Helgi Heimisson
Handverksskólinn;Kennari;Helgi Helgason
Tæknimenntaskólinn;Starfsnámsbrautir;Helgi Helgason
Upplýsingatækniskólinn;Tölvubraut;Helgi Hjörvar
Tæknimenntaskólinn;Nýbúabraut;Helgi Hólm Tryggvason
Upplýsingatækniskólinn;Prentun;Helgi Hrafn Gunnarsson
Véltækniskólinn;Grunnnám bíliðna;Helgi Hrafn Ólafsson
Véltækniskólinn;Grunnnám vélstjórnar;Helgi Kristinsson
Skipstjórnarskólinn;Skipstjórn;Helgi Kristjánsson
Raftækniskólinn;Rafveituvirkjun;Helgi Laxdal
Véltækniskólinn;Grunnnám vélstjórnar;Helgi Njálsson
Tæknimenntaskólinn;Nýbúabraut;Helgi Pétursson
Tæknimenntaskólinn;Náttúrufræðibraut;Helgi Svanur Einarsson
Raftækniskólinn;Rafvélavirkjun;Hera Björk Þórhallsdóttir
Handverksskólinn;Grunnnám fataiðna;Herbert Snorrason
Raftækniskólinn;Grunnnám rafiðna;Herdís Björk Brynjarsdóttir
Upplýsingatækniskólinn;Tölvubraut;Herdís Dröfn Baldvinsdóttir
Upplýsingatækniskólinn;Ljósmyndun;Hermann Arnar Austmar
Upplýsingatækniskólinn;Bókband;Hermann Valsson
Upplýsingatækniskólinn;Tölvubraut;Héðinn Björnsson
Tæknimenntaskólinn;Listnámsbraut;Héðinn Gilsson
Raftækniskólinn;Rafeindavirkjun;Hildur Friðriksdóttir
Tækniakademían;Kennari;Hildur Hákonardóttir
Upplýsingatækniskólinn;Námsbraut í upplýsinga- og fjölmiðlagreinum;Hildur Helga Sigurðardóttir
Handverksskólinn;Grunnnám fataiðna;Hildur Sif Thorarensen
Raftækniskólinn;Grunnnám rafiðna;Hildur Þórisdóttir
Upplýsingatækniskólinn;Tölvubraut;Hilmar Sigurðsson
Tæknimenntaskólinn;Listnámsbraut;Hinrik Ólafsson
Upplýsingatækniskólinn;Tölvubraut;Hinrik Örn Sigurðsson
Tæknimenntaskólinn;Listnámsbraut;Hjalti Kristgeirsson
Tæknimenntaskólinn;Listnámsbraut;Hjalti Már Þórisson
Tæknimenntaskólinn;Kennari;Hjalti Parelius Finnsson
Upplýsingatækniskólinn;Tölvubraut;Hjalti Vigfússon
Meistaraskólinn;;Hjálmar Bogi Hafliðason
Upplýsingatækniskólinn;Tölvubraut;Hjálmar Jónsson
Tæknimenntaskólinn;Starfsnámsbrautir;Hjördís Jóna Gísladóttir
Véltækniskólinn;Kennari;Hjördís Líney Aðalsteinsdóttir
Upplýsingatækniskólinn;Tölvubraut;Hjördís Sjafnar Ingimundardóttir
Véltækniskólinn;Grunnnám vélstjórnar;Hjörleifur Harðarson
Upplýsingatækniskólinn;Tölvubraut;Hjörtur Hjartarson
Tækniakademían;Margmiðlunarfræði;Hjörtur Howser
Raftækniskólinn;Kennari;Hjörvar Freyr Eiðsson
Handverksskólinn;Námsbraut í hársnyrtingu;Hlédís Sveinsdóttir
Tæknimenntaskólinn;Nýbúabraut;Hlini Melsteð Jóngeirsson
Upplýsingatækniskólinn;Tölvubraut;Hlíðar Kjartansson
Raftækniskólinn;Grunnnám rafiðna;Hlíf B. Herbjörnsdóttir
Upplýsingatækniskólinn;Tölvubraut;Hlíf Böðvarsdóttir
Tækniakademían;Kennari;Hlíf Gylfadóttir
Raftækniskólinn;Rafeindavirkjun;Hlín Bolladóttir
Upplýsingatækniskólinn;Tölvubraut;Hlín Sigurðardóttir
Tækniakademían;Veffræði;Hlynur Arnórsson
Byggingatækniskólinn;Húsasmíðabraut;Hlöðver Ingi Gunnarsson
Upplýsingatækniskólinn;Námsbraut í upplýsinga- og fjölmiðlagreinum;Hólmdís Hjartardóttir
Upplýsingatækniskólinn;Ljósmyndun;Hólmfríður Berentsdóttir
Endurmenntunarskólinn;;Hólmfríður Bjarnadóttir
Upplýsingatækniskólinn;Tölvubraut;Hólmfríður K. Agnarsdóttir
Raftækniskólinn;Grunnnám rafiðna;Hólmfríður S. Haraldsdóttir
Upplýsingatækniskólinn;Ljósmyndun;Hólmsteinn Brekkan
Upplýsingatækniskólinn;Tölvubraut;Hrafnhildur Björk Baldursdóttir
Skipstjórnarskólinn;Skipstjórn;Hrafnhildur Gunnarsdóttir
Byggingatækniskólinn;Málaraiðn;Hrafnhildur Hrund Helgadóttir
Upplýsingatækniskólinn;Tölvubraut;Hrafnhildur Ólöf Ólafsdóttir
Upplýsingatækniskólinn;Námsbraut í upplýsinga- og fjölmiðlagreinum;Hrafnhildur Ragnarsdóttir
Véltækniskólinn;Vélstjórabraut;Hrafnhildur Stefánsdóttir
Raftækniskólinn;Rafeindavirkjun;Hrafnkell Lárusson
Upplýsingatækniskólinn;Tölvubraut;Hrannar Björn Arnarsson
Véltækniskólinn;Grunnnám vélstjórnar;Hrefna Guðmundsdóttir
Upplýsingatækniskólinn;Kennari;Hrefna Sóley Kjartansdóttir
Byggingatækniskólinn;Málaraiðn;Hreinn Mikael Hreinsson
Tækniakademían;Veffræði;Hróðmar Bjarnason
Véltækniskólinn;Grunnnám vélstjórnar;Hróðmar Valur Steinsson
Tæknimenntaskólinn;Kennari;Hugrún Hanna Stefánsdóttir
Upplýsingatækniskólinn;Tölvubraut;Hugrún Steinunn Guðmundsdóttir
Véltækniskólinn;Vélvirkjun;Hulda Bjarnadóttir
Upplýsingatækniskólinn;Tölvubraut;Hulda Proppé
Raftækniskólinn;Grunnnám rafiðna;Hulda T. Skjaldardóttir
Tæknimenntaskólinn;Kennari;Högni Sigurjónsson
Upplýsingatækniskólinn;Tölvubraut;Hörður Ágústsson
Véltækniskólinn;Málmiðngreinar;Hörður Gunnarsson
Raftækniskólinn;Kennari;Hörður Hólm Ólason
Meistaraskólinn;;Hörður Ingólfsson
Upplýsingatækniskólinn;Tölvubraut;Hörður M. Harðarson
Flugskóli Íslands;;Hörður Ríkharðsson
Upplýsingatækniskólinn;Grafísk miðlun;Hörður Þór Harðarson
Raftækniskólinn;Kennari;Höskuldur G. Erlingsson
Upplýsingatækniskólinn;Tölvubraut;Höskuldur Sæmundsson
Meistaraskólinn;;Höskuldur Þór Þórhallsson
Tæknimenntaskólinn;Náttúrufræðibraut;Ian Mark Wilson
Upplýsingatækniskólinn;Tölvubraut;Illugi Gunnarsson
Upplýsingatækniskólinn;Grafísk miðlun;Indriði Indriðason
Upplýsingatækniskólinn;Tölvubraut;Inga Auðbjörg Kristjánsdóttir
Handverksskólinn;Námsbraut í hársnyrtingu;Inga Björk Bjarnadóttir
Upplýsingatækniskólinn;Tölvubraut;Inga Karen Ingólfsdóttir
Raftækniskólinn;Rafeindavirkjun;Inga Margrét Árnadóttir
Handverksskólinn;Grunnnám fataiðna;Inga Rós Gunnarsdóttir
Tæknimenntaskólinn;Kennari;Inga Sigrún Atladóttir
Raftækniskólinn;Rafveituvirkjun;Ingi Karl Sigríðarson
Tæknimenntaskólinn;Listnámsbraut;Ingibjörg Elsa Björnsdóttir
Upplýsingatækniskólinn;Námsbraut í upplýsinga- og fjölmiðlagreinum;Ingibjörg Guðmundsdóttir
Tæknimenntaskólinn;Starfsnámsbrautir;Ingibjörg Hauksdóttir
Tæknimenntaskólinn;Náttúrufræðibraut;Ingibjörg Helga Baldursdóttir
Tæknimenntaskólinn;Náttúrufræðibraut;Ingibjörg Jónsdóttir Kolka
Upplýsingatækniskólinn;Tölvubraut;Ingibjörg Óðinsdóttir
Tæknimenntaskólinn;Kennari;Ingibjörg R. Helgadóttir
Véltækniskólinn;Kennari;Ingibjörg Steingrímsdóttir
Raftækniskólinn;Rafeindavirkjun;Ingibjörg Þórðardóttir
Upplýsingatækniskólinn;Tölvubraut;Ingimar Karl Helgason
Tæknimenntaskólinn;Starfsnámsbrautir;Ingimar Sigurðsson
Tækniakademían;Veffræði;Ingimundur B. Garðarsson
Tæknimenntaskólinn;Náttúrufræðibraut;Ingimundur Þór Þorsteinsson
Raftækniskólinn;Grunnnám rafiðna;Ingólfur Freysson
Tæknimenntaskólinn;Náttúrufræðibraut;Ingólfur Sveinsson
Byggingatækniskólinn;Múrsmíðabraut;Ingólfur V. Ingólfsson
Flugskóli Íslands;;Ingunn Ósk Sturludóttir
Raftækniskólinn;Grunnnám rafiðna;Ingunn Stefanía Svavarsdóttir
Véltækniskólinn;Vélvirkjun;Ingvar Garðarsson
Meistaraskólinn;;Ingvar Leví Gunnarsson
Raftækniskólinn;Rafvélavirkjun;Ingveldur Guðjónsdóttir
Tæknimenntaskólinn;Nýbúabraut;Ingvi Þorsteinsson
Upplýsingatækniskólinn;Prentun;Irene Jóna Smith
Tækniakademían;Kennari;Irma Þöll Þorsteinsdóttir
Véltækniskólinn;Málmiðngreinar;Íris Davíðsdóttir
Byggingatækniskólinn;Málaraiðn;Íris Dröfn Kristjánsdóttir
Endurmenntunarskólinn;;Íris Sveinsdóttir
Upplýsingatækniskólinn;Tölvubraut;Ísleifur Gíslason
Upplýsingatækniskólinn;Ljósmyndun;Ívar Rafn Jónsson
Tæknimenntaskólinn;Kennari;Jack Hrafnkell Daníelsson
Véltækniskólinn;Grunnnám bíliðna;Jakob Sv. Bjarnason
Upplýsingatækniskólinn;Grafísk miðlun;Jakobína Ingunn Ólafsdóttir
Raftækniskólinn;Rafeindavirkjun;Jana Salóme Jósepsdóttir
Byggingatækniskólinn;Húsasmíðabraut;Jenný Lind Egilsdóttir
Upplýsingatækniskólinn;Námsbraut í upplýsinga- og fjölmiðlagreinum;Jenný Stefanía Jensdóttir
Meistaraskólinn;;Jens Garðar Helgason
Byggingatækniskólinn;Málaraiðn;Jens Kristmannsson
Upplýsingatækniskólinn;Tölvubraut;Jóel Daði Ólafsson
Handverksskólinn;Námsbraut í hársnyrtingu;Jóhann Ársælsson
Upplýsingatækniskólinn;Tölvubraut;Jóhann Eiríksson
Upplýsingatækniskólinn;Tölvubraut;Jóhann Garðar Ólafsson
Raftækniskólinn;Kennari;Jóhann Grétar Kröyer Gizurarson
Raftækniskólinn;Rafveituvirkjun;Jóhann Gunnar Óskarsson
Upplýsingatækniskólinn;Tölvubraut;Jóhann Haukur Gunnarsson
Upplýsingatækniskólinn;Tölvubraut;Jóhann Heiðar Jóhannsson
Raftækniskólinn;Kennari;Jóhann Kristjánsson
Raftækniskólinn;Rafeindavirkjun;Jóhann Ævar Þórisson
Tæknimenntaskólinn;Náttúrufræðibraut;Jóhanna Aradóttir
Véltækniskólinn;Kennari;Jóhanna Axelsdóttir
Véltækniskólinn;Grunnnám bíliðna;Jóhanna B. Magnúsdóttir
Upplýsingatækniskólinn;Námsbraut í upplýsinga- og fjölmiðlagreinum;Jóhanna E. Vilhelmsdóttir
Véltækniskólinn;Málmiðngreinar;Jóhanna Kristín Björnsdóttir
Byggingatækniskólinn;Húsasmíðabraut;Jóhanna María Sigmundsdóttir
Tæknimenntaskólinn;Kennari;Jóhanna Njálsdóttir
Véltækniskólinn;Vélvirkjun;Jóhanna Sigríður Pálsdóttir
Upplýsingatækniskólinn;Ljósmyndun;Jóhanna Sigurðardóttir
Raftækniskólinn;Rafveituvirkjun;Jóhanna Ýr Jónsdóttir
Raftækniskólinn;Kennari;Jóhannes Mar Jóhannesson
Upplýsingatækniskólinn;Tölvubraut;Jóhannes Ragnarsson
Byggingatækniskólinn;Málaraiðn;Jóhannes Smári Ólafsson
Byggingatækniskólinn;Húsasmíðabraut;Jón Árnason
Upplýsingatækniskólinn;Tölvubraut;Jón Árni Bragason
Byggingatækniskólinn;Tækniteiknun;Jón Árni Magnússon
Upplýsingatækniskólinn;Kennari;Jón Ásgeir Eyjólfsson
Upplýsingatækniskólinn;Tölvubraut;Jón Birgir Einarsson
Raftækniskólinn;Rafvirkjun;Jón Birgir Indriðason
Byggingatækniskólinn;Múrsmíðabraut;Jón Bjarnason
Tækniakademían;Lýsingafræði;Jón Elíasson
Véltækniskólinn;Vélstjórabraut;Jón Emil Árnason
Raftækniskólinn;Rafveituvirkjun;Jón Erling Ericsson
Upplýsingatækniskólinn;Námsbraut í upplýsinga- og fjölmiðlagreinum;Jón Fanndal Þórðarson
Véltækniskólinn;Kennari;Jón Friðrik Jóhannsson
Upplýsingatækniskólinn;Kennari;Jón Garðar Davíðsson
Byggingatækniskólinn;Málaraiðn;Jón Gíslason
Véltækniskólinn;Vélstjórabraut;Jón Gíslason
Upplýsingatækniskólinn;Tölvubraut;Jón Gnarr
Tækniakademían;Kennari;Jón Gunnar Björgvinsson
Tæknimenntaskólinn;Starfsnámsbrautir;Jón Gunnarsson
Tæknimenntaskólinn;Kennari;Jón Hjartarson
Byggingatækniskólinn;Málaraiðn;Jón Ingi Magnússon
Tæknimenntaskólinn;Nýbúabraut;Jón Ingvar Valdimarsson
Tæknimenntaskólinn;Listnámsbraut;Jón Jóhannsson
Byggingatækniskólinn;Tækniteiknun;Jón Jónsson
Véltækniskólinn;Kennari;Jón Jósef Bjarnason
Upplýsingatækniskólinn;Tölvubraut;Jón K. Hannesson
Upplýsingatækniskólinn;Tölvubraut;Jón Karl Stefánsson
Upplýsingatækniskólinn;Námsbraut í upplýsinga- og fjölmiðlagreinum;Jón Kristinn Cortez
Raftækniskólinn;Kennari;Jón Lindsay
Tæknimenntaskólinn;Listnámsbraut;Jón Pálsson
Véltækniskólinn;Vélstjórabraut;Jón Ragnar Ríkarðsson
Upplýsingatækniskólinn;Tölvubraut;Jón Ragnarsson
Tæknimenntaskólinn;Náttúrufræðibraut;Jón Rúnar Backman
Upplýsingatækniskólinn;Prentun;Jón S. Fjeldsted
Upplýsingatækniskólinn;Tölvubraut;Jón Steindór Þorsteinsson
Byggingatækniskólinn;Málaraiðn;Jón T. Snæbjörnsson
Upplýsingatækniskólinn;Tölvubraut;Jón Torfason
Upplýsingatækniskólinn;Kennari;Jón Tryggvi Sveinsson
Raftækniskólinn;Rafvirkjun;Jón Þór Júlíusson
Upplýsingatækniskólinn;Tölvubraut;Jón Þór Ólafsson
Skipstjórnarskólinn;Skipstjórn;Jón Örn Ingileifsson
Upplýsingatækniskólinn;Grafísk miðlun;Jóna Hlíf Halldórsdóttir
Raftækniskólinn;Rafvélavirkjun;Jóna Júlíusdóttir
Raftækniskólinn;Rafvirkjun;Jóna S. Sigurbjartsdóttir
Raftækniskólinn;Rafvélavirkjun;Jónas Bergmann Magnússon
Raftækniskólinn;Grunnnám rafiðna;Jónas Friðriksson
Upplýsingatækniskólinn;Tölvubraut;Jónas Guðmundsson
Upplýsingatækniskólinn;Kennari;Jónas Oddur Jónasson
Tækniakademían;Kennari;Jónas Pétur Hreinsson
Tæknimenntaskólinn;Starfsnámsbrautir;Jónas Þórir Þórisson
Raftækniskólinn;Rafvélavirkjun;Jónatan Guðni Jónsson
Raftækniskólinn;Grunnnám rafiðna;Jónína Rós Guðmundsdóttir
Tæknimenntaskólinn;Kennari;Jórunn Einarsdóttir
Meistaraskólinn;;Jósef Auðunn Friðriksson
Raftækniskólinn;Grunnnám rafiðna;Jósep B. Helgason
Raftækniskólinn;Grunnnám rafiðna;Júlía Karlsdóttir
Raftækniskólinn;Grunnnám rafiðna;Júlíus Baldursson
Upplýsingatækniskólinn;Kennari;Júlíus K. Valdimarsson
Upplýsingatækniskólinn;Tölvubraut;Júlíus Þór Júlíusson
Upplýsingatækniskólinn;Tölvubraut;Jörundur Jörundsson
Tæknimenntaskólinn;Starfsnámsbrautir;Karen Elísabet Halldórsdóttir
Upplýsingatækniskólinn;Tölvubraut;Karen Mejna
Raftækniskólinn;Grunnnám rafiðna;Karl Friðrik Karlsson
Véltækniskólinn;Málmiðngreinar;Karl Garðarsson
Upplýsingatækniskólinn;Tölvubraut;Karl Gissur Þórisson
Upplýsingatækniskólinn;Tölvubraut;Karl Sigurðsson
Véltækniskólinn;Grunnnám bíliðna;Karl Tómasson
Upplýsingatækniskólinn;Grafísk miðlun;Karla Dögg Karlsdóttir
Tæknimenntaskólinn;Náttúrufræðibraut;Karólína Einarsdóttir
Tækniakademían;Veffræði;Karólína Gunnarsdóttir
Handverksskólinn;Kennari;Karólína Hulda Guðmundsdóttir
Véltækniskólinn;Kennari;Karólína Stefánsdóttir
Upplýsingatækniskólinn;Tölvubraut;Katla Hólm Þórhildardóttir
Raftækniskólinn;Kennari;Katrín Eymundsdóttir
Upplýsingatækniskólinn;Námsbraut í upplýsinga- og fjölmiðlagreinum;Katrín Fjeldsted
Meistaraskólinn;;Katrín Freysdóttir
Tæknimenntaskólinn;Nýbúabraut;Katrín Guðjónsdóttir
Véltækniskólinn;Vélstjórabraut;Katrín Guðjónsdóttir
Upplýsingatækniskólinn;Ljósmyndun;Katrín Jakobsdóttir
Tæknimenntaskólinn;Listnámsbraut;Katrín Júlíusdóttir
Tæknimenntaskólinn;Kennari;Kári Guðnason
Tækniakademían;Lýsingafræði;Kári Jónsson
Upplýsingatækniskólinn;Tölvubraut;Kári Magnússon
Byggingatækniskólinn;Málaraiðn;Kári Sigurjónsson
Upplýsingatækniskólinn;Tölvubraut;Kári Þorgrímsson
Raftækniskólinn;Rafeindavirkjun;Kári Þór Sigríðarson
Tæknimenntaskólinn;Nýbúabraut;Kjartan Atli Kjartansson
Tæknimenntaskólinn;Kennari;Kjartan Halldór Ágústsson
Raftækniskólinn;Grunnnám rafiðna;Kjartan Heiðberg
Véltækniskólinn;Grunnnám bíliðna;Kjartan Jónsson
Upplýsingatækniskólinn;Námsbraut í upplýsinga- og fjölmiðlagreinum;Kjartan Valgarðsson
Véltækniskólinn;Málmiðngreinar;Kjartan Þór Ingason
Upplýsingatækniskólinn;Tölvubraut;Kjartan Örn Kjartansson
Byggingatækniskólinn;Húsgagnasmíðabraut;Klara Sveinbjörnsdóttir
Raftækniskólinn;Kennari;Kolbeinn Aðalsteinsson
Upplýsingatækniskólinn;Kennari;Kolbeinn Örn Guðmundsson
Raftækniskólinn;Grunnnám rafiðna;Kolbrún Eva Ríkharðsdóttir
Véltækniskólinn;Kennari;Kolbrún Pálína Hafþórsdóttir
Skipstjórnarskólinn;Skipstjórn;Kolbrún S. Hilmarsdóttir
Upplýsingatækniskólinn;Ljósmyndun;Kristbjörg María Gunnarsdóttir
Skipstjórnarskólinn;Skipstjórn;Kristbjörg Steinunn Gísladóttir
Véltækniskólinn;Grunnnám vélstjórnar;Kristinn Geir Guðnason
Tæknimenntaskólinn;Starfsnámsbrautir;Kristinn L. Matthíasson
Upplýsingatækniskólinn;Tölvubraut;Kristinn Schram
Upplýsingatækniskólinn;Tölvubraut;Kristinn Snæland
Tæknimenntaskólinn;Listnámsbraut;Kristín Á. Guðmundsdóttir
Raftækniskólinn;Rafveituvirkjun;Kristín Elfa Guðnadóttir
Tæknimenntaskólinn;Kennari;Kristín Guðrún Gestsdóttir
Véltækniskólinn;Grunnnám bíliðna;Kristín Halldórsdóttir
Upplýsingatækniskólinn;Tölvubraut;Kristín Heimisdóttir
Véltækniskólinn;Grunnnám bíliðna;Kristín Helga Gunnarsdóttir
Tækniakademían;Kennari;Kristín Ósk Wium
Raftækniskólinn;Rafvélavirkjun;Kristín Sigfúsdóttir
Handverksskólinn;Námsbraut í hársnyrtingu;Kristín Sigurrós Einarsdóttir
Meistaraskólinn;Kennari;Kristín Sóley Björnsdóttir
Upplýsingatækniskólinn;Tölvubraut;Kristín Sólveig Kormáksdóttir
Upplýsingatækniskólinn;Grafísk miðlun;Kristín Þóra Jónasdóttir
Raftækniskólinn;Kennari;Kristín Þórarinsdóttir
Raftækniskólinn;Rafeindavirkjun;Kristjana Arngrímsdóttir
Upplýsingatækniskólinn;Kennari;Kristjana Katla Ragnarsdóttir
Véltækniskólinn;Vélstjórabraut;Kristján Árni Kristjánsson
Raftækniskólinn;Kennari;Kristján Björn Kristbjörnsson
Handverksskólinn;Grunnnám fataiðna;Kristján Friðjónsson
Véltækniskólinn;Málmiðngreinar;Kristján Hall
Upplýsingatækniskólinn;Námsbraut í upplýsinga- og fjölmiðlagreinum;Kristján Helgi Hjartarson
Upplýsingatækniskólinn;Tölvubraut;Kristján Hreinsson
Upplýsingatækniskólinn;Tölvubraut;Kristján Jónasson
Upplýsingatækniskólinn;Bókband;Kristján Ketill Stefánsson
Raftækniskólinn;Grunnnám rafiðna;Kristján L. Möller
Tæknimenntaskólinn;Náttúrufræðibraut;Kristján Oddgeirsson
Upplýsingatækniskólinn;Tölvubraut;Kristján Orri Jóhannsson
Tæknimenntaskólinn;Náttúrufræðibraut;Kristján S. Ingólfsson
Meistaraskólinn;;Kristján Þór Júlíusson
Upplýsingatækniskólinn;Námsbraut í upplýsinga- og fjölmiðlagreinum;Kristófer Kvaran
Upplýsingatækniskólinn;Tölvubraut;Kristófer Sturluson
Véltækniskólinn;Vélstjórabraut;Kristvin Guðmundsson
Upplýsingatækniskólinn;Tölvubraut;Laufey Erla Jónsdóttir
Véltækniskólinn;Grunnnám bíliðna;Lára Jóna Þorsteinsdóttir
Handverksskólinn;Gull- og silfursmíði;Lárus Ástmar Hannesson
Tæknimenntaskólinn;Náttúrufræðibraut;Lárus Einarsson
Raftækniskólinn;Rafvirkjun;Lárus Hermannsson
Upplýsingatækniskólinn;Námsbraut í upplýsinga- og fjölmiðlagreinum;Lárus Ýmir Óskarsson
Upplýsingatækniskólinn;Tölvubraut;Leifur A. Benediktsson
Upplýsingatækniskólinn;Tölvubraut;Leifur Magnússon
Upplýsingatækniskólinn;Ljósmyndun;Lena Guðrún Hákonardóttir
Upplýsingatækniskólinn;Tölvubraut;Lena Mist Skaptadóttir Eydal
Tæknimenntaskólinn;Nýbúabraut;Lena Sólborg Valgarðsdóttir
Raftækniskólinn;Rafvélavirkjun;Lilja Nótt Þórarinsdóttir
Handverksskólinn;Gull- og silfursmíði;Lilja Rafney Magnúsdóttir
Upplýsingatækniskólinn;Tölvubraut;Linda Rán Ómarsdóttir
Meistaraskólinn;;Líneik Anna Sævarsdóttir
Endurmenntunarskólinn;;Lísbet Harðardóttir Ólafardóttir
Upplýsingatækniskólinn;Tölvubraut;Longina Losiniecka
Raftækniskólinn;Rafvélavirkjun;Lovísa Hafsteinsdóttir
Raftækniskólinn;Rafvirkjun;Lovísa Rósa Bjarnadóttir
Upplýsingatækniskólinn;Grafísk miðlun;Lóa Hrönn Harðardóttir
Raftækniskólinn;Rafvélavirkjun;Lúðvík Bergmann
Tæknimenntaskólinn;Listnámsbraut;Lúðvík Geirsson
Byggingatækniskólinn;Tækniteiknun;Lúðvík Kaaber
Tæknimenntaskólinn;Listnámsbraut;Lýður Árnason
Byggingatækniskólinn;Húsgagnasmíðabraut;Magdalena Sigurðardóttir
Véltækniskólinn;Kennari;Magnús Bjarnarson
Tækniakademían;Lýsingafræði;Magnús Erlendsson
Tækniakademían;Kennari;Magnús Halldórsson
Tæknimenntaskólinn;Starfsnámsbrautir;Magnús Haukur Ásgeirsson
Skipstjórnarskólinn;Kennari;Magnús I. Jónsson
Upplýsingatækniskólinn;Kennari;Magnús Ingi Magnússon
Flugskóli Íslands;;Magnús Kristján Hávarðarson
Raftækniskólinn;Rafvélavirkjun;Magnús Magnússon
Tæknimenntaskólinn;Listnámsbraut;Magnús Orri Schram
Byggingatækniskólinn;Húsgagnasmíðabraut;Magnús Pétursson
Handverksskólinn;Námsbraut í hársnyrtingu;Magnús Smári Snorrason
Raftækniskólinn;Grunnnám rafiðna;Magnús Víðisson
Byggingatækniskólinn;Kennari;Magnús Þór Jónsson
Raftækniskólinn;Kennari;Magnús Þórarinn Thorlacius
Upplýsingatækniskólinn;Tölvubraut;Margeir Margeirsson
Véltækniskólinn;Vélstjórabraut;Margeir Vilhjálmsson
Upplýsingatækniskólinn;Námsbraut í upplýsinga- og fjölmiðlagreinum;Margrét Erla Guðmundsdóttir
Tækniakademían;Veffræði;Margrét Frímannsdóttir
Tæknimenntaskólinn;Listnámsbraut;Margrét Gauja Magnúsdóttir
Upplýsingatækniskólinn;Bókband;Margrét Guðnadóttir
Tæknimenntaskólinn;Listnámsbraut;Margrét Júlía Rafnsdóttir
Tæknimenntaskólinn;Listnámsbraut;Margrét Kristmannsdóttir
Tæknimenntaskólinn;Listnámsbraut;Margrét Lind Ólafsdóttir
Tæknimenntaskólinn;Kennari;Margrét Magnúsdóttir
Upplýsingatækniskólinn;Tölvubraut;Margrét Ólöf Héðinsdóttir
Véltækniskólinn;Kennari;Margrét Rósa Sigurðardóttir
Raftækniskólinn;Rafvirkjun;Margrét Runólfsdóttir
Véltækniskólinn;Kennari;Margrét Tryggvadóttir
Tæknimenntaskólinn;Nýbúabraut;Margrét Örnólfsdóttir
Upplýsingatækniskólinn;Grafísk miðlun;María A. Marteinsdóttir
Meistaraskólinn;;María Björk Einarsdóttir
Upplýsingatækniskólinn;Tölvubraut;María Kristinsdóttir
Byggingatækniskólinn;Múrsmíðabraut;María Kristín Kristjánsdóttir
Byggingatækniskólinn;Múrsmíðabraut;María Kristjánsdóttir
Tæknimenntaskólinn;Nýbúabraut;María Pálsdóttir
Tæknimenntaskólinn;Listnámsbraut;María Sveinsdóttir
Raftækniskólinn;Rafvirkjun;Markús Árni Vernharðsson
Tæknimenntaskólinn;Náttúrufræðibraut;Markús Þórðarson
Tækniakademían;Veffræði;Marta Sigurðardóttir
Upplýsingatækniskólinn;Tölvubraut;Marta Sverrisdóttir
Tæknimenntaskólinn;Náttúrufræðibraut;Mary Jane Salomons
Upplýsingatækniskólinn;Tölvubraut;Matthildur Hafsteinsdóttir
Meistaraskólinn;;Matthildur Jónsdóttir
Handverksskólinn;Gull- og silfursmíði;Matthías Sævar Lýðsson
Raftækniskólinn;Rafveituvirkjun;Málmfríður Sigurðardóttir
Upplýsingatækniskólinn;Tölvubraut;Márus Guðmundsson
Tæknimenntaskólinn;Náttúrufræðibraut;Melína Kolka Guðmundsdóttir
Upplýsingatækniskólinn;Kennari;Melkorka Edda Freysteinsdóttir
Upplýsingatækniskólinn;Tölvubraut;Methúsalem Þórisson
Raftækniskólinn;Grunnnám rafiðna;Michael Jón Clarke
Raftækniskólinn;Rafvirkjun;Mikael Marinó Rivera
Upplýsingatækniskólinn;Tölvubraut;Milen Nikolaev Nikolov
Upplýsingatækniskólinn;Grafísk miðlun;Monique Jacquette
Upplýsingatækniskólinn;Tölvubraut;Móeiður Júníusdóttir
Tækniakademían;Veffræði;Muhammad Azfar Karim
Upplýsingatækniskólinn;Tölvubraut;Mörður Árnason
Raftækniskólinn;Rafveituvirkjun;Mörður Ingólfsson
Upplýsingatækniskólinn;Grafísk miðlun;Nanna Jónsdóttir
Upplýsingatækniskólinn;Tölvubraut;Natalia Viktorovna Kovachkina
Upplýsingatækniskólinn;Tölvubraut;Natan Kolbeinsson
Véltækniskólinn;Grunnnám vélstjórnar;Neptúnus S. Egilsson
Raftækniskólinn;Grunnnám rafiðna;Nilton Ernesto Jimenez Zamudio
Upplýsingatækniskólinn;Tölvubraut;Níels Alvin Níelsson
Raftækniskólinn;Rafvirkjun;Níels Hafsteinsson
Tæknimenntaskólinn;Starfsnámsbrautir;Níels Unnar Hauksson
Meistaraskólinn;;Njáll Trausti Friðbertsson
Tæknimenntaskólinn;Nýbúabraut;Njóla Elísdóttir
Upplýsingatækniskólinn;Kennari;Nora Valdís Mangubat
Raftækniskólinn;Rafvirkjun;Oddgeir Ágúst Ottesen
Tækniakademían;Margmiðlunarfræði;Oddný G. Harðardóttir
Raftækniskólinn;Kennari;Oddur Andri Thomasson Ahrens
Meistaraskólinn;Kennari;Oddur L. Árnason
Raftækniskólinn;Grunnnám rafiðna;Oddur Sigurðsson
Upplýsingatækniskólinn;Námsbraut í upplýsinga- og fjölmiðlagreinum;Oddur Ævar Gunnarsson
Tækniakademían;Kennari;Óðinn Kalevi Andersen
Tæknimenntaskólinn;Nýbúabraut;Óðinn Pétur Vigfússon
Véltækniskólinn;Grunnnám vélstjórnar;Óðinn Svansson
Véltækniskólinn;Vélstjórabraut;Ólafur E. Pétursson
Véltækniskólinn;Málmiðngreinar;Ólafur Egilsson
Upplýsingatækniskólinn;Tölvubraut;Ólafur Hjálmarsson
Véltækniskólinn;Grunnnám bíliðna;Ólafur J. Gunnarsson
Upplýsingatækniskólinn;Tölvubraut;Ólafur Ólafsson
Raftækniskólinn;Grunnnám rafiðna;Ólafur R. Jónsson
Tæknimenntaskólinn;Listnámsbraut;Ólafur Sigurðsson
Upplýsingatækniskólinn;Tölvubraut;Ólafur Snævar Ögmundsson
Upplýsingatækniskólinn;Tölvubraut;Ólafur Tumi Sigurðarson
Raftækniskólinn;Grunnnám rafiðna;Ólafur Þ. Jónsson
Endurmenntunarskólinn;;Ólafur Þór Benediktsson
Véltækniskólinn;Grunnnám bíliðna;Ólafur Þór Gunnarsson
Handverksskólinn;Námsbraut í hársnyrtingu;Ólafur Þór Jónsson
Skipstjórnarskólinn;Kennari;Ólafur Þór Jónsson
Tækniakademían;Margmiðlunarfræði;Ólafur Þór Ólafsson
Tæknimenntaskólinn;Starfsnámsbrautir;Óli Björn Kárason
Tæknimenntaskólinn;Starfsnámsbrautir;Óli Kárason Tran
Upplýsingatækniskólinn;Tölvubraut;Ólína Jónsdóttir
Flugskóli Íslands;;Ólína Þorvarðardóttir
Tækniakademían;Veffræði;Ólöf Björnsdóttir
Endurmenntunarskólinn;Kennari;Ólöf Dómhildur Jóhannsdóttir
Upplýsingatækniskólinn;Ljósmyndun;Ólöf Guðný Valdimarsdóttir
Byggingatækniskólinn;Veggfóðrunar- og dúklagningabraut;Ólöf Húnfjörð Samúelsdóttir
Upplýsingatækniskólinn;Grafísk miðlun;Ólöf Lára Jónsdóttir
Upplýsingatækniskólinn;Tölvubraut;Ólöf Nordal
Tæknimenntaskólinn;Nýbúabraut;Ólöf Pálína Úlfarsdóttir
Upplýsingatækniskólinn;Tölvubraut;Ólöf Ríkarðsdóttir
Upplýsingatækniskólinn;Grafísk miðlun;Ómar Hafsteinsson
Upplýsingatækniskólinn;Tölvubraut;Ómar Olgeirsson
Upplýsingatækniskólinn;Tölvubraut;Ósk Vilhjálmsdóttir
Upplýsingatækniskólinn;Tölvubraut;Óskar Aron Jónsson
Upplýsingatækniskólinn;Námsbraut í upplýsinga- og fjölmiðlagreinum;Óskar Höskuldsson
Raftækniskólinn;Rafveituvirkjun;Óskar Vatnsdal Guðjónsson
Véltækniskólinn;Grunnnám vélstjórnar;Óttarr Proppé
Meistaraskólinn;;Páll Baldursson
Véltækniskólinn;Grunnnám bíliðna;Páll Daníelsson
Tækniakademían;Margmiðlunarfræði;Páll Guðmundsson
Upplýsingatækniskólinn;Tölvubraut;Páll Heiðar M. Aadnegard
Upplýsingatækniskólinn;Prentun;Páll Helgason
Raftækniskólinn;Rafveituvirkjun;Páll Ivan Pálsson
Raftækniskólinn;Rafvélavirkjun;Páll Jóhann Pálsson
Tæknimenntaskólinn;Náttúrufræðibraut;Páll Valdimar Guðmundsson
Raftækniskólinn;Rafveituvirkjun;Páll Valur Björnsson
Byggingatækniskólinn;Málaraiðn;Pálmey Gísladóttir
Handverksskólinn;Kennari;Pálmi Sigurður Sighvats
Skipstjórnarskólinn;Skipstjórn;Pálmi Þór Erlingsson
Raftækniskólinn;Grunnnám rafiðna;Pétur Elvar Sigurðsson
Véltækniskólinn;Vélstjórabraut;Pétur Fjeldsted Einarsson
Upplýsingatækniskólinn;Tölvubraut;Pétur Guðjónsson
Véltækniskólinn;Kennari;Pétur Guðmundsson
Tæknimenntaskólinn;Náttúrufræðibraut;Pétur Gunnlaugsson
Upplýsingatækniskólinn;Prentun;Pétur Gylfi Kristinsson
Véltækniskólinn;Vélvirkjun;Pétur H. Blöndal
Tæknimenntaskólinn;Náttúrufræðibraut;Pétur Jökull Hákonarson
Véltækniskólinn;Grunnnám vélstjórnar;Pétur Kristófersson
Tæknimenntaskólinn;Nýbúabraut;Pétur Óskarsson
Véltækniskólinn;Vélstjórabraut;Pétur Sigurðsson
Raftækniskólinn;Rafvélavirkjun;Pétur Z. Skarphéðinsson
Raftækniskólinn;Kennari;Pétur Þór Jónasson
Meistaraskólinn;Kennari;Preben Pétursson
Upplýsingatækniskólinn;Tölvubraut;Rafn Gíslason
Tæknimenntaskólinn;Náttúrufræðibraut;Rafnar Karl Rafnarsson
Upplýsingatækniskólinn;Bókband;Ragnar Arnalds
Skipstjórnarskólinn;Skipstjórn;Ragnar B. Bjarnarson
Upplýsingatækniskólinn;Tölvubraut;Ragnar Eldon Haraldsson
Upplýsingatækniskólinn;Tölvubraut;Ragnar Finnbogason
Upplýsingatækniskólinn;Tölvubraut;Ragnar G. D. Hermannsson
Tæknimenntaskólinn;Listnámsbraut;Ragnar Gunnar Þórhallsson
Upplýsingatækniskólinn;Tölvubraut;Ragnar Ingi Magnússon
Upplýsingatækniskólinn;Kennari;Ragnar Ingvar Sveinsson
Byggingatækniskólinn;Múrsmíðabraut;Ragnar Kjaran Elísson
Upplýsingatækniskólinn;Tölvubraut;Ragnar M. Einarsson
Raftækniskólinn;Hljóðtækni;Ragnar Magnússon
Véltækniskólinn;Málmiðngreinar;Ragnar Stefán Rögnvaldsson
Upplýsingatækniskólinn;Kennari;Ragnar Sverrisson
Tæknimenntaskólinn;Starfsnámsbrautir;Ragnheiður Björk Halldórsdóttir
Raftækniskólinn;Rafvirkjun;Ragnheiður Elín Árnadóttir
Upplýsingatækniskólinn;Tölvubraut;Ragnheiður Freyja Guðmundsdóttir
Tæknimenntaskólinn;Nýbúabraut;Ragnheiður Guðmundsdóttir
Raftækniskólinn;Grunnnám rafiðna;Ragnheiður Gunnarsdóttir
Tæknimenntaskólinn;Starfsnámsbrautir;Ragnheiður Ríkharðsdóttir
Upplýsingatækniskólinn;Tölvubraut;Ragnheiður Sigurðardóttir
Véltækniskólinn;Vélvirkjun;Ragnhildur Jónasdóttir
Tækniakademían;Veffræði;Ragnhildur L. Guðmundsdóttir
Tæknimenntaskólinn;Nýbúabraut;Ragnhildur Reynisdóttir
Upplýsingatækniskólinn;Tölvubraut;Ragnhildur Sigrún Björnsdóttir
Véltækniskólinn;Málmiðngreinar;Rakel Dögg Óskarsdóttir
Endurmenntunarskólinn;;Rannveig Höskuldsdóttir
Upplýsingatækniskólinn;Tölvubraut;Rannveig Óskarsdóttir
Upplýsingatækniskólinn;Grafísk miðlun;Rannveig Þyri Guðmundsdóttir
Upplýsingatækniskólinn;Tölvubraut;Regína Stefnisdóttir
Upplýsingatækniskólinn;Tölvubraut;René Biasone
Tæknimenntaskólinn;Náttúrufræðibraut;Reynhildur Karlsdóttir
Raftækniskólinn;Hljóðtækni;Reynir Arnarson
Upplýsingatækniskólinn;Tölvubraut;Reynir Sigurbjörnsson
Upplýsingatækniskólinn;Tölvubraut;Reynir Snær Valdimarsson
Véltækniskólinn;Grunnnám vélstjórnar;Reynir Þór Eggertsson
Handverksskólinn;Gull- og silfursmíði;Reynir Þór Eyvindsson
Upplýsingatækniskólinn;Prentun;Richard Allen
Upplýsingatækniskólinn;Grafísk miðlun;Róbert Ketilsson
Véltækniskólinn;Grunnnám vélstjórnar;Róbert Marshall
Véltækniskólinn;Grunnnám bíliðna;Rósa Björk Brynjólfsdóttir
Byggingatækniskólinn;Húsgagnasmíðabraut;Rósa Guðmundsdóttir
Upplýsingatækniskólinn;Tölvubraut;Rúnar Ingólfsson
Upplýsingatækniskólinn;Grafísk miðlun;Rúnar P. Jónsson
Byggingatækniskólinn;Múrsmíðabraut;Rúnar Páll Rúnarsson
Upplýsingatækniskólinn;Grafísk miðlun;Rúnar Sveinbjörnsson
Meistaraskólinn;;Rögnvaldur B. Rögnvaldsson
Raftækniskólinn;Grunnnám rafiðna;Rögnvaldur Ingólfsson
Handverksskólinn;Grunnnám fataiðna;Rögnvaldur Ólafsson
Upplýsingatækniskólinn;Prentun;Salvör K. Gissurardóttir
Tæknimenntaskólinn;Kennari;Samúel Jóhannsson
Raftækniskólinn;Rafvirkjun;Sandra Dís Hafþórsdóttir
Upplýsingatækniskólinn;Tölvubraut;Sandra María Steinarsdóttir Polanska
Véltækniskólinn;Málmiðngreinar;Sandra Ólafsdóttir
Raftækniskólinn;Rafvélavirkjun;Sandra Rán Ásgrímsdóttir
Upplýsingatækniskólinn;Námsbraut í upplýsinga- og fjölmiðlagreinum;Sara Bjargardóttir
Tæknimenntaskólinn;Náttúrufræðibraut;Sara Dögg Guðnadóttir
Raftækniskólinn;Grunnnám rafiðna;Sara Hrund Signýjardóttir
Byggingatækniskólinn;Húsgagnasmíðabraut;Sara Katrín Stefánsdóttir
Raftækniskólinn;Rafeindavirkjun;Sara Kristín Bjarkardóttir
Upplýsingatækniskólinn;Námsbraut í upplýsinga- og fjölmiðlagreinum;Sema Erla Serdaroglu
Upplýsingatækniskólinn;Tölvubraut;Sesselja Traustadóttir
Upplýsingatækniskólinn;Tölvubraut;Sesselja Þórdís Ásgeirsdóttir
Upplýsingatækniskólinn;Kennari;Sibeso Imbula Sveinsson
Raftækniskólinn;Grunnnám rafiðna;Sif Sigurðardóttir
Upplýsingatækniskólinn;Námsbraut í upplýsinga- og fjölmiðlagreinum;Sif Yraola
Handverksskólinn;Kennari;Sigfús Levi Jónsson
Upplýsingatækniskólinn;Kennari;Sighvatur Snæbjörnsson
Meistaraskólinn;;Sigmundur Davíð Gunnlaugsson
Raftækniskólinn;Grunnnám rafiðna;Sigmundur Ernir Rúnarsson
Véltækniskólinn;Grunnnám bíliðna;Signý Þórðardóttir
Véltækniskólinn;Vélvirkjun;Sigríður Ásthildur Andersen
Meistaraskólinn;;Sigríður Bergvinsdóttir
Tæknimenntaskólinn;Náttúrufræðibraut;Sigríður Birna Thorarensen
Upplýsingatækniskólinn;Tölvubraut;Sigríður Dröfn Tómasdóttir
Raftækniskólinn;Grunnnám rafiðna;Sigríður Elfa Konráðsdóttir
Upplýsingatækniskólinn;Tölvubraut;Sigríður Fossberg Thorlacius
Byggingatækniskólinn;Málaraiðn;Sigríður G. Jónsdóttir
Véltækniskólinn;Grunnnám bíliðna;Sigríður Gísladóttir
Upplýsingatækniskólinn;Grafísk miðlun;Sigríður H. Halldórsdóttir
Upplýsingatækniskólinn;Tölvubraut;Sigríður Hannesdóttir
Raftækniskólinn;Rafeindavirkjun;Sigríður Hauksdóttir
Handverksskólinn;Kennari;Sigríður I. Sigurjónsdóttir
Upplýsingatækniskólinn;Tölvubraut;Sigríður Ingibjörg Ingadóttir
Tækniakademían;Kennari;Sigríður J. Sigurfinnsdóttir
Tæknimenntaskólinn;Starfsnámsbrautir;Sigríður Jónasdóttir
Upplýsingatækniskólinn;Bókband;Sigríður Kristinsdóttir
Upplýsingatækniskólinn;Námsbraut í upplýsinga- og fjölmiðlagreinum;Sigríður Kristín Kristjánsdóttir
Raftækniskólinn;Grunnnám rafiðna;Sigríður Lára Sigurjónsdóttir
Upplýsingatækniskólinn;Námsbraut í upplýsinga- og fjölmiðlagreinum;Sigríður Ólafsdóttir
Tæknimenntaskólinn;Náttúrufræðibraut;Sigríður Ragna Birgisdóttir
Upplýsingatækniskólinn;Tölvubraut;Sigríður Ragnheiður Jónsdóttir
Raftækniskólinn;Grunnnám rafiðna;Sigríður Stefánsdóttir
Upplýsingatækniskólinn;Tölvubraut;Sigríður Stefánsdóttir
Raftækniskólinn;Rafvélavirkjun;Sigrún Gísladóttir
Skipstjórnarskólinn;Skipstjórn;Sigrún Gunnarsdóttir
Véltækniskólinn;Grunnnám vélstjórnar;Sigrún Gunnarsdóttir
Raftækniskólinn;Kennari;Sigrún Jóna Sigurðardóttir
Upplýsingatækniskólinn;Tölvubraut;Sigrún Magnúsdóttir
Tækniakademían;Veffræði;Sigrún Ólafsdóttir
Skipstjórnarskólinn;Kennari;Sigrún Pálsdóttir
Tæknimenntaskólinn;Nýbúabraut;Sigrún Sól Ólafsdóttir
Upplýsingatækniskólinn;Tölvubraut;Sigrún Sturludóttir
Handverksskólinn;Gull- og silfursmíði;Sigrún Valdimarsdóttir
Upplýsingatækniskólinn;Tölvubraut;Sigrún Viðarsdóttir
Upplýsingatækniskólinn;Tölvubraut;Sigrún Þorsteinsdóttir
Véltækniskólinn;Grunnnám bíliðna;Sigurbergur Árnason
Tæknimenntaskólinn;Starfsnámsbrautir;Sigurbergur Sveinsson
Raftækniskólinn;Rafvirkjun;Sigurbjartur Pálsson
Upplýsingatækniskólinn;Tölvubraut;Sigurbjörg Erla Egilsdóttir
Upplýsingatækniskólinn;Tölvubraut;Sigurbjörg Guttormsdóttir
Raftækniskólinn;Rafvélavirkjun;Sigurbjörg Tracey
Tæknimenntaskólinn;Kennari;Sigurbjörn Árni Arngrímsson
Véltækniskólinn;Grunnnám bíliðna;Sigurbjörn Hjaltason
Upplýsingatækniskólinn;Tölvubraut;Sigurbjörn Svavarsson
Upplýsingatækniskólinn;Kennari;Sigurborg Ragnarsdóttir
Upplýsingatækniskólinn;Tölvubraut;Sigurður Árnason
Byggingatækniskólinn;Múrsmíðabraut;Sigurður Bjarnason
Upplýsingatækniskólinn;Tölvubraut;Sigurður Björn Blöndal
Tæknimenntaskólinn;Listnámsbraut;Sigurður Flosason
Raftækniskólinn;Rafvirkjun;Sigurður G. Þórarinsson
Tæknimenntaskólinn;Kennari;Sigurður Guðmundsson
Tæknimenntaskólinn;Náttúrufræðibraut;Sigurður Halldórsson
Raftækniskólinn;Kennari;Sigurður Hrafn Sigurðsson
Tækniakademían;Lýsingafræði;Sigurður Hreinn Sigurðsson
Raftækniskólinn;Rafvélavirkjun;Sigurður Ingi Jóhannsson
Véltækniskólinn;Vélstjórabraut;Sigurður Ingólfsson
Endurmenntunarskólinn;Kennari;Sigurður Jón Hreinsson
Upplýsingatækniskólinn;Tölvubraut;Sigurður Jónas Eggertsson
Tæknimenntaskólinn;Náttúrufræðibraut;Sigurður Jónasson
Upplýsingatækniskólinn;Tölvubraut;Sigurður Jónsson
Byggingatækniskólinn;Veggfóðrunar- og dúklagningabraut;Sigurður Oddur Ragnarsson
Upplýsingatækniskólinn;Kennari;Sigurður Óli Ragnarsson
Handverksskólinn;Grunnnám fataiðna;Sigurður Óskar Óskarsson
Tæknimenntaskólinn;Nýbúabraut;Sigurður P. Sigmundsson
Byggingatækniskólinn;Húsasmíðabraut;Sigurður Páll Jónsson
Upplýsingatækniskólinn;Tölvubraut;Sigurður R. Beck
Byggingatækniskólinn;Múrsmíðabraut;Sigurður Sigurðsson
Upplýsingatækniskólinn;Ljósmyndun;Sigurður Þ. Þórðarson
Handverksskólinn;Námsbraut í hársnyrtingu;Sigurður Þór Ágústsson
Tæknimenntaskólinn;Starfsnámsbrautir;Sigurður Þórðarson
Byggingatækniskólinn;Húsgagnasmíðabraut;Sigurður Örn Ágústsson
Raftækniskólinn;Grunnnám rafiðna;Sigurgeir Sigmundsson
Raftækniskólinn;Rafvirkjun;Sigurhanna Friðþórsdóttir
Tæknimenntaskólinn;Náttúrufræðibraut;Sigurjón A. Guðmundsson
Raftækniskólinn;Rafvélavirkjun;Sigurjón Fannar Ragnarsson
Upplýsingatækniskólinn;Tölvubraut;Sigurjón Guðnason
Tæknimenntaskólinn;Starfsnámsbrautir;Sigurjón Haraldsson
Meistaraskólinn;Kennari;Sigurjón Jónasson
Tæknimenntaskólinn;Nýbúabraut;Sigurjón Jónsson
Tæknimenntaskólinn;Nýbúabraut;Sigurjón Kjartansson
Tæknimenntaskólinn;Nýbúabraut;Sigurjón Norberg Kjærnested
Handverksskólinn;Kennari;Sigurjón Þórðarson
Tæknimenntaskólinn;Listnámsbraut;Sigurjóna Sverrisdóttir
Upplýsingatækniskólinn;Námsbraut í upplýsinga- og fjölmiðlagreinum;Sigurlaug Arnardóttir
Tækniakademían;Kennari;Sigurlaug Gröndal
Upplýsingatækniskólinn;Ljósmyndun;Sigurlaug Sigurðardóttir
Tæknimenntaskólinn;Nýbúabraut;Sigurrós Svava Ólafsdóttir
Upplýsingatækniskólinn;Tölvubraut;Sigursveinn Magnússon
Raftækniskólinn;Rafvirkjun;Sigursveinn Þórðarson
Tæknimenntaskólinn;Listnámsbraut;Sigurvin Lárus Jónsson
Tæknimenntaskólinn;Kennari;Sigþrúður Jónsdóttir
Raftækniskólinn;Rafvélavirkjun;Silja Dögg Gunnarsdóttir
Tæknimenntaskólinn;Starfsnámsbrautir;Sindri Daði Rafnsson
Upplýsingatækniskólinn;Tölvubraut;Sindri Páll Andrason
Upplýsingatækniskólinn;Námsbraut í upplýsinga- og fjölmiðlagreinum;Sindri Snær Einarsson
Tæknimenntaskólinn;Starfsnámsbrautir;Siv Friðleifsdóttir
Tæknimenntaskólinn;Starfsnámsbrautir;Símon Sverrisson
Upplýsingatækniskólinn;Bókband;Sjöfn Ingólfsdóttir
Upplýsingatækniskólinn;Tölvubraut;Sjöfn Jónsdóttir
Tækniakademían;Lýsingafræði;Sjöfn Rafnsdóttir
Raftækniskólinn;Kennari;Skapti Þorsteinsson
Raftækniskólinn;Grunnnám rafiðna;Skúli Björnsson
Tæknimenntaskólinn;Náttúrufræðibraut;Skúli Bruce Barker
Upplýsingatækniskólinn;Námsbraut í upplýsinga- og fjölmiðlagreinum;Skúli Helgason
Upplýsingatækniskólinn;Tölvubraut;Smári Hreiðarsson
Tæknimenntaskólinn;Kennari;Smári Páll McCarthy
Byggingatækniskólinn;Tækniteiknun;Snjólaug Guðmundsdóttir
Raftækniskólinn;Rafveituvirkjun;Snorri Jónsson
Tæknimenntaskólinn;Nýbúabraut;Snorri Páll Einarsson
Upplýsingatækniskólinn;Tölvubraut;Snorri Þorvaldsson
Upplýsingatækniskólinn;Tölvubraut;Snædís Karlsdóttir
Meistaraskólinn;;Soffía Björgvinsdóttir
Tækniakademían;Veffræði;Soffía Sigurðardóttir
Byggingatækniskólinn;Kennari;Soffía Vagnsdóttir
Byggingatækniskólinn;Kennari;Solveig Thorlacius
Raftækniskólinn;Rafeindavirkjun;Sóley Björk Stefánsdóttir
Véltækniskólinn;Grunnnám bíliðna;Sóley Sigurþórsdóttir
Flugskóli Íslands;Kennari;Sóley Veturliðadóttir
Upplýsingatækniskólinn;Námsbraut í upplýsinga- og fjölmiðlagreinum;Sóley Þorvaldsdóttir
Meistaraskólinn;;Sólrún Hauksdóttir
Byggingatækniskólinn;Tækniteiknun;Sólrún Jóhannesdóttir
Upplýsingatækniskólinn;Tölvubraut;Sólveig Guðmundsdóttir
Upplýsingatækniskólinn;Námsbraut í upplýsinga- og fjölmiðlagreinum;Sólveig Hauksdóttir
Skipstjórnarskólinn;Skipstjórn;Sólveig Jóna Jónasdóttir
Handverksskólinn;Kennari;Stanislaw Kordek
Upplýsingatækniskólinn;Tölvubraut;Stefanía Óttarsdóttir
Raftækniskólinn;Rafeindavirkjun;Stefanía Vigdís Gísladóttir
Upplýsingatækniskólinn;Tölvubraut;Stefán Bjargmundsson
Raftækniskólinn;Rafveituvirkjun;Stefán Gunnar Sigurbjörnsson
Tækniakademían;Veffræði;Stefán Hjálmarsson
Upplýsingatækniskólinn;Námsbraut í upplýsinga- og fjölmiðlagreinum;Stefán Ingvar Vigfússon
Upplýsingatækniskólinn;Grafísk miðlun;Stefán Jónsson
Meistaraskólinn;Kennari;Stefán Már Guðmundsson
Tækniakademían;Margmiðlunarfræði;Stefán Már Guðmundsson
Tæknimenntaskólinn;Listnámsbraut;Stefán Rafn Sigurbjörnsson
Raftækniskólinn;Grunnnám rafiðna;Stefán Rögnvaldsson
Raftækniskólinn;Kennari;Stefán Sigurðsson
Byggingatækniskólinn;Húsasmíðabraut;Stefán Vagn Stefánsson
Handverksskólinn;Grunnnám fataiðna;Stefán Vignir Skarphéðinsson
Raftækniskólinn;Grunnnám rafiðna;Stefán Þorleifsson
Tæknimenntaskólinn;Starfsnámsbrautir;Stefán Örn Stefánsson
Tæknimenntaskólinn;Kennari;Steinar Immanúel Sörensson
Tæknimenntaskólinn;Kennari;Steinarr B. Guðmundsson
Raftækniskólinn;Rafeindavirkjun;Steingrímur J. Sigfússon
Skipstjórnarskólinn;Kennari;Steingrímur Óli Kristjánsson
Véltækniskólinn;Málmiðngreinar;Steinunn Anna Baldvinsdóttir
Upplýsingatækniskólinn;Grafísk miðlun;Steinunn Gröndal
Upplýsingatækniskólinn;Tölvubraut;Steinunn Rögnvaldsdóttir
Flugskóli Íslands;Kennari;Steinunn Ýr Einarsdóttir
Upplýsingatækniskólinn;Ljósmyndun;Steinunn Þóra Árnadóttir
Upplýsingatækniskólinn;Tölvubraut;Stígrún Ása Ásmundsdóttir
Upplýsingatækniskólinn;Tölvubraut;Sturla Jónsson
Véltækniskólinn;Málmiðngreinar;Sunna Gunnars Marteinsdóttir
Upplýsingatækniskólinn;Tölvubraut;Sunna Jóhannsdóttir
Raftækniskólinn;Rafeindavirkjun;Sunna Lind Kúld
Raftækniskólinn;Rafvélavirkjun;Sunna Stefánsdóttir
Tæknimenntaskólinn;Kennari;Svafar Helgason
Tæknimenntaskólinn;Starfsnámsbrautir;Svanberg Hreinsson
Byggingatækniskólinn;Húsasmíðabraut;Svanberg J. Eyþórsson
Véltækniskólinn;Vélstjórabraut;Svanborg Óskarsdóttir
Upplýsingatækniskólinn;Tölvubraut;Svandís Svavarsdóttir
Upplýsingatækniskólinn;Tölvubraut;Svanfríður Anna Lárusdóttir
Tæknimenntaskólinn;Listnámsbraut;Svanfríður Guðrún Gísladóttir
Meistaraskólinn;Kennari;Svanfríður Larsen
Handverksskólinn;Námsbraut í hársnyrtingu;Svanhildur Guðmundsdóttir
Tæknimenntaskólinn;Kennari;Svanhildur Inga Ólafsdóttir
Byggingatækniskólinn;Húsgagnasmíðabraut;Svanlaug Guðnadóttir
Flugskóli Íslands;Kennari;Svanur Ingi Björnsson
Tæknimenntaskólinn;Náttúrufræðibraut;Svanur Jóhannsson
Upplýsingatækniskólinn;Tölvubraut;Svanur Kristjánsson
Upplýsingatækniskólinn;Tölvubraut;Svanur Sigurðsson
Véltækniskólinn;Grunnnám bíliðna;Svavar Kjarrval Lúthersson
Véltækniskólinn;Málmiðngreinar;Sveinbjörg Birna Sveinbjörnsdóttir
Meistaraskólinn;;Sveinbjörn Árni Lund
Upplýsingatækniskólinn;Ljósmyndun;Sveinlaug Sigurðardóttir
Tæknimenntaskólinn;Starfsnámsbrautir;Sveinn Guðbjartsson
Upplýsingatækniskólinn;Grafísk miðlun;Sveinsína Jóhanna Jónsdóttir
Upplýsingatækniskólinn;Tölvubraut;Sverrir Agnarsson
Tæknimenntaskólinn;Starfsnámsbrautir;Sverrir Vilhelm Bernhöft
Upplýsingatækniskólinn;Kennari;Synthiah Gaede
Raftækniskólinn;Hljóðtækni;Sæbjörg María Erlingsdóttir
Upplýsingatækniskólinn;Tölvubraut;Sædís Ósk Harðardóttir
Upplýsingatækniskólinn;Tölvubraut;Sævar Þór Jónsson
Upplýsingatækniskólinn;Námsbraut í upplýsinga- og fjölmiðlagreinum;Teitur Atlason
Véltækniskólinn;Vélvirkjun;Teitur Björn Einarsson
Véltækniskólinn;Grunnnám bíliðna;Theodór Líndal Helgason
Tæknimenntaskólinn;Kennari;Theódór Árni Hansson
Tæknimenntaskólinn;Starfsnámsbrautir;Theódór Kristjánsson
Upplýsingatækniskólinn;Tölvubraut;Tinna Þorvaldsdóttir Önnudóttir
Upplýsingatækniskólinn;Grafísk miðlun;Torfi Geirmundsson
Upplýsingatækniskólinn;Námsbraut í upplýsinga- og fjölmiðlagreinum;Torfi H. Tulinius
Véltækniskólinn;Vélvirkjun;Tómas Árnason
Handverksskólinn;Grunnnám fataiðna;Tómas Árni Jónasson
Upplýsingatækniskólinn;Tölvubraut;Tómas Halldórsson
Raftækniskólinn;Grunnnám rafiðna;Tómas Hallgrímsson
Raftækniskólinn;Kennari;Tómas Ingi Olrich
Raftækniskólinn;Rafvirkjun;Trausti Hjaltason
Handverksskólinn;Gull- og silfursmíði;Trausti Sveinsson
Tækniakademían;Kennari;Tryggvi Ástþórsson
Upplýsingatækniskólinn;Tölvubraut;Tryggvi Bjarnason
Raftækniskólinn;Rafeindavirkjun;Tryggvi Gíslason
Véltækniskólinn;Grunnnám vélstjórnar;Tryggvi Haraldsson
Upplýsingatækniskólinn;Námsbraut í upplýsinga- og fjölmiðlagreinum;Tryggvi Helmutsson
Upplýsingatækniskólinn;Tölvubraut;Tyrfingur Tyrfingsson
Tæknimenntaskólinn;Starfsnámsbrautir;Týr Þórarinsson
Véltækniskólinn;Grunnnám bíliðna;Una Hildardóttir
Tæknimenntaskólinn;Listnámsbraut;Unnur Aðalbjörg Hauksdóttir
Raftækniskólinn;Rafvirkjun;Unnur Brá Konráðsdóttir
Tæknimenntaskólinn;Starfsnámsbrautir;Unnur Lára Bryde
Upplýsingatækniskólinn;Tölvubraut;Unnur María Bergsveinsdóttir
Handverksskólinn;Grunnnám fataiðna;Úlfar Óli Sævarsson
Upplýsingatækniskólinn;Tölvubraut;Úlfar Þormóðsson
Raftækniskólinn;Grunnnám rafiðna;Valdemar Viðarsson
Upplýsingatækniskólinn;Tölvubraut;Valdimar Kristján Jónsson
Upplýsingatækniskólinn;Grafísk miðlun;Valdimar Tómasson
Byggingatækniskólinn;Kennari;Valdimar Valdemarsson
Raftækniskólinn;Grunnnám rafiðna;Valdís Anna Jónsdóttir
Handverksskólinn;Gull- og silfursmíði;Valdís Einarsdóttir
Tæknimenntaskólinn;Náttúrufræðibraut;Valdís Steinarsdóttir
Tækniakademían;Kennari;Valgeir Bjarnason
Upplýsingatækniskólinn;Prentun;Valgeir Valsson
Upplýsingatækniskólinn;Ljósmyndun;Valgerður Árnadóttir
Upplýsingatækniskólinn;Námsbraut í upplýsinga- og fjölmiðlagreinum;Valgerður Bjarnadóttir
Upplýsingatækniskólinn;Tölvubraut;Valgerður Gréta Guðmundsdóttir
Meistaraskólinn;;Valgerður Gunnarsdóttir
Upplýsingatækniskólinn;Tölvubraut;Valgerður Magnúsdóttir
Upplýsingatækniskólinn;Tölvubraut;Valgerður Matthíasdóttir
Tækniakademían;Margmiðlunarfræði;Valgerður Reynaldsdóttir
Véltækniskólinn;Málmiðngreinar;Valgerður Sveinsdóttir
Meistaraskólinn;;Valgerður Sverrisdóttir
Raftækniskólinn;Grunnnám rafiðna;Valtýr Smári Gunnarsson
Upplýsingatækniskólinn;Tölvubraut;Valur Freyr Einarsson
Upplýsingatækniskólinn;Tölvubraut;Valur Sigurðsson
Upplýsingatækniskólinn;Prentun;Veigar Freyr Jökulsson
Upplýsingatækniskólinn;Ljósmyndun;Vera Þórðardóttir
Upplýsingatækniskólinn;Tölvubraut;Vésteinn Valgarðsson
Upplýsingatækniskólinn;Tölvubraut;Viðar Ingvason
Meistaraskólinn;Kennari;Viðar Jónsson
Upplýsingatækniskólinn;Tölvubraut;Vigdís Freyja Helmutsdóttir
Véltækniskólinn;Málmiðngreinar;Vigdís Hauksdóttir
Upplýsingatækniskólinn;Tölvubraut;Vigdís Hrefna Pálsdóttir
Upplýsingatækniskólinn;Grafísk miðlun;Vigdís Ingibjörg Pálsdóttir
Handverksskólinn;Grunnnám fataiðna;Vigdís Kristjánsdóttir
Tæknimenntaskólinn;Náttúrufræðibraut;Vigfús Adolfsson
Raftækniskólinn;Rafvirkjun;Viggó Júlíusson
Upplýsingatækniskólinn;Námsbraut í upplýsinga- og fjölmiðlagreinum;Viktor Orri Valgarðsson
Upplýsingatækniskólinn;Tölvubraut;Viktor Penalver
Véltækniskólinn;Grunnnám vélstjórnar;Viktor Traustason
Byggingatækniskólinn;Húsasmíðabraut;Vilborg Þ. Guðbjartsdóttir
Raftækniskólinn;Rafvirkjun;Vilhjálmur Árnason
Upplýsingatækniskólinn;Ljósmyndun;Vilhjálmur Árnason
Skipstjórnarskólinn;Kennari;Vilhjálmur Bjarnason
Tæknimenntaskólinn;Starfsnámsbrautir;Vilhjálmur Bjarnason
Meistaraskólinn;;Vilhjálmur Jónsson
Upplýsingatækniskólinn;Námsbraut í upplýsinga- og fjölmiðlagreinum;Vilhjálmur Þorsteinsson
Upplýsingatækniskólinn;Kennari;Vilmundur Kristjánsson
Raftækniskólinn;Grunnnám rafiðna;Víðir Benediktsson
Raftækniskólinn;Grunnnám rafiðna;Vordís Guðmundsdóttir
Tæknimenntaskólinn;Nýbúabraut;Willum Þór Þórsson
Flugskóli Íslands;Kennari;Ylfa Mist Helgadóttir
Upplýsingatækniskólinn;Bókband;Yousef Ingi Tamimi
Upplýsingatækniskólinn;Prentun;Yvonne Zerah Smith
Véltækniskólinn;Málmiðngreinar;Ýr Þrastardóttir
Raftækniskólinn;Kennari;Þ. Ásgeir Pétursson
Tæknimenntaskólinn;Náttúrufræðibraut;Þorbjörn Ásgeirsson
Upplýsingatækniskólinn;Tölvubraut;Þorbjörn Guðmundsson
Raftækniskólinn;Rafeindavirkjun;Þorbjörn Rúnarsson
Upplýsingatækniskólinn;Tölvubraut;Þorgeir J. Yngvason
Upplýsingatækniskólinn;Tölvubraut;Þorgerður Agla Magnúsdóttir
Upplýsingatækniskólinn;Tölvubraut;Þorgerður Einarsdóttir
Tæknimenntaskólinn;Starfsnámsbrautir;Þorgerður Katrín Gunnarsdóttir
Upplýsingatækniskólinn;Tölvubraut;Þorgerður L. Diðriksdóttir
Raftækniskólinn;Grunnnám rafiðna;Þorkell Á. Jóhannsson
Tæknimenntaskólinn;Listnámsbraut;Þorleifur Friðriksson
Tæknimenntaskólinn;Kennari;Þormóður Logi Björnsson
Tæknimenntaskólinn;Kennari;Þorsteinn Árnason
Raftækniskólinn;Grunnnám rafiðna;Þorsteinn Bergsson
Upplýsingatækniskólinn;Námsbraut í upplýsinga- og fjölmiðlagreinum;Þorsteinn Guðmundsson
Meistaraskólinn;Kennari;Þorsteinn Hlynur Jónsson
Upplýsingatækniskólinn;Kennari;Þorsteinn Ingason
Flugskóli Íslands;;Þorsteinn J. Tómasson
Raftækniskólinn;Rafvirkjun;Þorsteinn M. Kristinsson
Upplýsingatækniskólinn;Tölvubraut;Þorsteinn Magnússon
Upplýsingatækniskólinn;Tölvubraut;Þorsteinn Ólafsson
Tæknimenntaskólinn;Starfsnámsbrautir;Þorsteinn Ólafur Þorsteinsson
Upplýsingatækniskólinn;Kennari;Þorsteinn Sigmundsson
Byggingatækniskólinn;Málaraiðn;Þorsteinn Steingrímsson
Tæknimenntaskólinn;Nýbúabraut;Þorsteinn Sæmundsson
Tækniakademían;Veffræði;Þorvaldur Geirsson
Raftækniskólinn;Rafvirkjun;Þorvaldur Guðmundsson
Upplýsingatækniskólinn;Námsbraut í upplýsinga- og fjölmiðlagreinum;Þorvaldur Gylfason
Raftækniskólinn;Grunnnám rafiðna;Þorvaldur Yngvi Schiöth
Upplýsingatækniskólinn;Námsbraut í upplýsinga- og fjölmiðlagreinum;Þorvaldur Þorvaldsson
Tækniakademían;Veffræði;Þór Saari
Upplýsingatækniskólinn;Tölvubraut;Þór Örn Víkingsson
Upplýsingatækniskólinn;Tölvubraut;Þóra Berg Jónsdóttir
Véltækniskólinn;Grunnnám bíliðna;Þóra Elfa Björnsson
Skipstjórnarskólinn;Kennari;Þóra G. Ingimarsdóttir
Handverksskólinn;Gull- og silfursmíði;Þóra Geirlaug Bjartmarsdóttir
Tæknimenntaskólinn;Náttúrufræðibraut;Þóranna Pálsdóttir
Raftækniskólinn;Rafvirkjun;Þórarinn Björn Steinsson
Upplýsingatækniskólinn;Tölvubraut;Þórarinn Gunnarsson
Upplýsingatækniskólinn;Námsbraut í upplýsinga- og fjölmiðlagreinum;Þórarinn Hjartarson
Raftækniskólinn;Grunnnám rafiðna;Þórarinn Lárusson
Upplýsingatækniskólinn;Tölvubraut;Þórarinn S. Andrésson
Tæknimenntaskólinn;Kennari;Þórbergur Torfason
Tæknimenntaskólinn;Listnámsbraut;Þórdís Björk Sigurþórsdóttir
Byggingatækniskólinn;Húsgagnasmíðabraut;Þórdís Kolbrún Reykfjörð Gylfadóttir
Byggingatækniskólinn;Múrsmíðabraut;Þórdís Magnúsdóttir
Upplýsingatækniskólinn;Tölvubraut;Þórður Björn Sigurðsson
Raftækniskólinn;Kennari;Þórður Eric Hilmarsson Ericsson
Upplýsingatækniskólinn;Ljósmyndun;Þórður Grétarsson
Upplýsingatækniskólinn;Tölvubraut;Þórður Magnússon
Raftækniskólinn;Grunnnám rafiðna;Þórður Már Jónsson
Upplýsingatækniskólinn;Prentun;Þórður Sveinsson
Flugskóli Íslands;Kennari;Þórður Sævar Jónsson
Tæknimenntaskólinn;Kennari;Þórey Bjarnadóttir
Véltækniskólinn;Vélvirkjun;Þórey Vilhjálmsdóttir
Raftækniskólinn;Rafveituvirkjun;Þórgnýr Thoroddsen
Upplýsingatækniskólinn;Prentun;Þórhallur Helgason
Raftækniskólinn;Hljóðtækni;Þórhildur Inga Ólafsdóttir
Upplýsingatækniskólinn;Tölvubraut;Þórhildur Þorleifsdóttir
Tækniakademían;Lýsingafræði;Þórir Baldursson
Upplýsingatækniskólinn;Kennari;Þórir Gunnarsson
Véltækniskólinn;Vélstjórabraut;Þórir Haraldsson
Raftækniskólinn;Grunnnám rafiðna;Þórir Jónsson Hraundal
Upplýsingatækniskólinn;Tölvubraut;Þórir Kristinsson
Byggingatækniskólinn;Málaraiðn;Þórlaug Guðmundsdóttir
Tæknimenntaskólinn;Náttúrufræðibraut;Þórunn Árnadóttir
Meistaraskólinn;;Þórunn Egilsdóttir
Raftækniskólinn;Rafvélavirkjun;Þórunn Einarsdóttir
Upplýsingatækniskólinn;Grafísk miðlun;Þórunn Júlíusdóttir
Tæknimenntaskólinn;Nýbúabraut;Þórunn Kolbeins Matthíasdóttir
Tækniakademían;Veffræði;Þráinn Guðbjörnsson
Upplýsingatækniskólinn;Tölvubraut;Þröstur Bragason
Raftækniskólinn;Rafveituvirkjun;Þröstur Jónasson
Raftækniskólinn;Rafveituvirkjun;Þuríður Backman
Upplýsingatækniskólinn;Tölvubraut;Þuríður Bernódusdóttir
Upplýsingatækniskólinn;Tölvubraut;Þuríður Björg Þorgrímsdóttir
Upplýsingatækniskólinn;Tölvubraut;Þuríður Elfa Jónsdóttir
Véltækniskólinn;Kennari;Ægir Björgvinsson
Handverksskólinn;Grunnnám fataiðna;Ævar Arnfjörð Bjarmason
Upplýsingatækniskólinn;Grafísk miðlun;Ævar Örn Ómarsson
Véltækniskólinn;Grunnnám bíliðna;Ögmundur Jónasson
Raftækniskólinn;Grunnnám rafiðna;Örlygur Hnefill Jónsson
Upplýsingatækniskólinn;Tölvubraut;Örn Bárður Jónsson
Tæknimenntaskólinn;Náttúrufræðibraut;Örn Björnsson
Byggingatækniskólinn;Húsasmíðabraut;Örn Elías Guðmundsson
Raftækniskólinn;Kennari;Örn Guðmundsson
Tæknimenntaskólinn;Kennari;Örn Gunnþórsson
Upplýsingatækniskólinn;Kennari;Örn Hrafnsson
Véltækniskólinn;Grunnnám vélstjórnar;Örn Lúðvíksson
Skipstjórnarskólinn;Kennari;Örn Ólafsson
Upplýsingatækniskólinn;Tölvubraut;Örn Ólafsson
Skipstjórnarskólinn;Skipstjórn;Örn Viðar Einarsson
Upplýsingatækniskólinn;Námsbraut í upplýsinga- og fjölmiðlagreinum;Össur Skarphéðinsson
